km_driven,mileage,age,Petrol,Diesel,Electric,fuel_type
15000,18.2,7,1,0,0,Petrol
10000,17.4,8,1,0,0,Petrol
36000,20.14,5,0,1,0,Diesel
9000,26.82,5,0,1,0,Diesel
70000,28.4,8,0,1,0,Diesel
49364,25.8,10,0,1,0,Diesel
110000,17.0,17,1,0,0,Petrol
72312,24.3,6,0,1,0,Diesel
39000,25.1,9,0,1,0,Diesel
47000,20.14,8,0,1,0,Diesel
50000,28.4,5,0,1,0,Diesel
70000,26.59,7,0,1,0,Diesel
6000,17.9,7,0,1,0,Diesel
120000,13.1,15,0,1,0,Diesel
90000,12.12,10,0,1,0,Diesel
80002,11.5,9,0,1,0,Diesel
56000,18.9,6,1,0,0,Petrol
66032,17.0,8,1,0,0,Petrol
200000,14.0,12,1,0,0,Petrol
25000,13.4,12,1,0,0,Petrol
80000,18.6,8,1,0,0,Petrol
80000,17.3,16,0,0,0,Petrol
63500,15.6,13,1,0,0,Petrol
68200,21.66,7,0,1,0,Diesel
53800,19.34,9,1,0,0,Petrol
60000,17.97,8,1,0,0,Petrol
60000,13.2,11,0,0,0,Petrol
45000,14.8,13,1,0,0,Petrol
20000,21.4,5,1,0,0,Petrol
12000,23.01,6,1,0,0,Petrol
10000,20.73,5,1,0,0,Petrol
110000,10.9,14,0,0,0,Petrol
100000,11.3,19,1,0,0,Petrol
44400,20.36,13,1,0,0,Petrol
146000,20.45,9,0,1,0,Diesel
160000,12.99,10,0,1,0,Diesel
10000,23.01,4,1,0,0,Petrol
35000,24.7,6,1,0,0,Petrol
10000,19.2,16,0,1,0,Diesel
35000,18.6,6,1,0,0,Petrol
60000,21.03,11,0,1,0,Diesel
140000,11.5,12,0,1,0,Diesel
25000,23.0,6,0,1,0,Diesel
75000,13.8,17,1,0,0,Petrol
13500,17.5,4,1,0,0,Petrol
61300,15.5,12,1,0,0,Petrol
100930,15.04,6,0,1,0,Diesel
91000,22.54,7,0,1,0,Diesel
85000,22.9,11,0,1,0,Diesel
47000,21.1,10,1,0,0,Petrol
36000,20.73,5,1,0,0,Petrol
110000,23.5,10,0,1,0,Diesel
120000,17.0,13,1,0,0,Petrol
110000,16.1,13,1,0,0,Petrol
47665,22.77,6,0,1,0,Diesel
65180,15.06,9,0,1,0,Diesel
10000,20.3,4,1,0,0,Petrol
54000,22.32,11,0,1,0,Diesel
30000,17.8,8,1,0,0,Petrol
35000,15.9,18,1,0,0,Petrol
123652,15.7,14,0,1,0,Diesel
48000,15.6,11,1,0,0,Petrol
24525,24.3,5,0,1,0,Diesel
49000,18.7,7,1,0,0,Petrol
50000,17.1,5,0,1,0,Diesel
154667,17.2,13,0,1,0,Diesel
40000,17.0,5,1,0,0,Petrol
48003,12.8,13,1,0,0,Petrol
50000,18.0,11,1,0,0,Petrol
18000,17.21,5,1,0,0,Petrol
90000,13.5,9,0,1,0,Diesel
55000,26.0,9,0,1,0,Diesel
38000,25.4,6,0,1,0,Diesel
47876,25.0,10,0,1,0,Diesel
65000,25.32,7,0,1,0,Diesel
10000,15.8,5,1,0,0,Petrol
167200,21.27,10,0,1,0,Diesel
62904,28.4,6,0,1,0,Diesel
59000,20.14,9,0,1,0,Diesel
70000,23.0,8,0,1,0,Diesel
50000,28.4,6,0,1,0,Diesel
75000,17.0,14,1,0,0,Petrol
42100,16.95,10,1,0,0,Petrol
75000,19.81,11,1,0,0,Petrol
86000,24.52,7,0,1,0,Diesel
90000,18.6,9,1,0,0,Petrol
4800,19.4,7,0,1,0,Diesel
38000,18.9,8,1,0,0,Petrol
40000,15.04,10,1,0,0,Petrol
100000,22.95,7,0,1,0,Diesel
36000,18.9,8,1,0,0,Petrol
110000,20.3,13,0,1,0,Diesel
36041,16.5,9,1,0,0,Petrol
40000,15.1,5,0,1,0,Diesel
42514,19.72,9,0,1,0,Diesel
75000,25.2,8,0,1,0,Diesel
79000,15.1,9,0,1,0,Diesel
87000,16.0,8,0,1,0,Diesel
15000,23.1,4,1,0,0,Petrol
110000,14.0,10,0,1,0,Diesel
70000,11.36,7,0,1,0,Diesel
40500,18.12,10,0,1,0,Diesel
75000,25.8,10,0,1,0,Diesel
95278,17.8,11,0,1,0,Diesel
57000,19.7,11,1,0,0,Petrol
26600,21.5,4,0,1,0,Diesel
40000,25.17,7,1,0,0,Petrol
86000,18.9,15,1,0,0,Petrol
80000,17.2,8,0,1,0,Diesel
180000,13.4,18,1,0,0,Petrol
44000,26.0,9,0,1,0,Diesel
27700,17.0,5,1,0,0,Petrol
50000,21.7,7,1,0,0,Petrol
120000,15.96,9,0,1,0,Diesel
54000,18.5,11,1,0,0,Petrol
48059,19.3,11,0,1,0,Diesel
21500,13.0,5,1,0,0,Petrol
70000,28.09,7,0,1,0,Diesel
21000,17.8,4,1,0,0,Petrol
38000,19.7,15,1,0,0,Petrol
90000,21.43,11,0,1,0,Diesel
63000,12.8,10,1,0,0,Petrol
75000,13.0,11,0,1,0,Diesel
72000,20.36,10,1,0,0,Petrol
1200,18.9,4,1,0,0,Petrol
59000,11.2,10,0,1,0,Diesel
30000,19.7,15,1,0,0,Petrol
13000,22.54,5,0,1,0,Diesel
16000,18.9,4,1,0,0,Petrol
1700,21.56,4,1,0,0,Petrol
78000,17.1,11,1,0,0,Petrol
15000,18.9,8,1,0,0,Petrol
60000,15.8,14,1,0,0,Petrol
97780,25.2,13,0,1,0,Diesel
6905,19.0,5,1,0,0,Petrol
20000,19.09,9,0,1,0,Diesel
50000,21.1,6,1,0,0,Petrol
50000,15.5,13,1,0,0,Petrol
40000,13.68,6,0,1,0,Diesel
48000,18.51,6,0,1,0,Diesel
110000,25.4,5,0,1,0,Diesel
86156,19.7,16,1,0,0,Petrol
57000,22.7,8,0,1,0,Diesel
35213,22.54,8,0,1,0,Diesel
79349,20.54,11,0,1,0,Diesel
41000,17.8,6,1,0,0,Petrol
48000,20.73,9,1,0,0,Petrol
110000,25.8,9,0,1,0,Diesel
64000,17.11,9,0,1,0,Diesel
84000,25.01,11,0,1,0,Diesel
50000,21.5,5,0,1,0,Diesel
85000,24.3,6,0,1,0,Diesel
120000,20.54,11,0,1,0,Diesel
6258,17.4,4,1,0,0,Petrol
39000,18.5,8,1,0,0,Petrol
57000,16.0,8,0,1,0,Diesel
32153,20.0,12,0,1,0,Diesel
5000,18.15,5,1,0,0,Petrol
67600,18.5,8,1,0,0,Petrol
35000,15.6,12,1,0,0,Petrol
55000,16.8,11,1,0,0,Petrol
33026,24.7,5,1,0,0,Petrol
80000,16.5,6,0,1,0,Diesel
73000,24.2,8,0,1,0,Diesel
51000,15.5,13,1,0,0,Petrol
81000,28.4,9,0,1,0,Diesel
64857,20.0,13,0,1,0,Diesel
66916,18.9,8,1,0,0,Petrol
52000,20.4,8,1,0,0,Petrol
36908,15.4,7,0,1,0,Diesel
82400,19.3,15,0,1,0,Diesel
56795,26.2,9,0,0,0,Petrol
69000,18.88,9,0,1,0,Diesel
35000,21.1,6,1,0,0,Petrol
129238,12.8,12,0,1,0,Diesel
55200,17.11,8,0,1,0,Diesel
90000,20.36,15,1,0,0,Petrol
40000,20.5,5,0,1,0,Diesel
19000,16.36,9,0,1,0,Diesel
50000,20.5,7,0,1,0,Diesel
42000,19.01,8,0,1,0,Diesel
70000,20.5,9,0,1,0,Diesel
76000,22.9,11,0,1,0,Diesel
18000,7.81,4,1,0,0,Petrol
72422,15.37,11,1,0,0,Petrol
50000,17.0,17,1,0,0,Petrol
72341,22.77,9,0,1,0,Diesel
77500,26.59,8,0,1,0,Diesel
73000,21.1,13,1,0,0,Petrol
36000,22.95,5,0,1,0,Diesel
44000,19.02,6,1,0,0,Petrol
100000,15.4,8,0,1,0,Diesel
120000,15.96,8,0,1,0,Diesel
56210,26.0,8,0,1,0,Diesel
138938,19.4,12,0,1,0,Diesel
146781,12.8,12,0,1,0,Diesel
100000,28.4,5,0,1,0,Diesel
50000,17.8,5,1,0,0,Petrol
45156,21.21,5,1,0,0,Petrol
58072,24.0,5,0,1,0,Diesel
7400,26.08,3,0,0,0,Petrol
39612,21.79,6,1,0,0,Petrol
35000,18.9,10,1,0,0,Petrol
54000,24.7,6,1,0,0,Petrol
69000,26.2,10,0,0,0,Petrol
93800,16.73,13,0,1,0,Diesel
70000,10.93,13,1,0,0,Petrol
7500,23.0,5,0,1,0,Diesel
20564,26.8,6,0,0,0,Petrol
37300,18.2,7,1,0,0,Petrol
64000,17.92,12,1,0,0,Petrol
80000,24.0,9,0,1,0,Diesel
21000,19.2,5,0,1,0,Diesel
60000,26.0,8,0,1,0,Diesel
58832,25.2,6,0,1,0,Diesel
126000,13.0,8,0,1,0,Diesel
110000,15.4,6,0,1,0,Diesel
120000,15.1,9,0,1,0,Diesel
50000,20.51,9,1,0,0,Petrol
63000,21.79,10,1,0,0,Petrol
75000,14.74,9,0,1,0,Diesel
35330,27.62,8,0,1,0,Diesel
48518,19.3,6,0,1,0,Diesel
62000,21.9,10,0,1,0,Diesel
16600,22.74,9,1,0,0,Petrol
52000,16.6,17,1,0,0,Petrol
10787,21.7,4,0,1,0,Diesel
28800,14.3,8,1,0,0,Petrol
57000,17.01,11,1,0,0,Petrol
20000,24.7,5,1,0,0,Petrol
34000,13.6,6,1,0,0,Petrol
5000,17.8,7,1,0,0,Petrol
44000,26.21,6,0,1,0,Diesel
5000,21.21,5,1,0,0,Petrol
19444,13.9,4,1,0,0,Petrol
133592,28.4,12,0,1,0,Diesel
40000,17.8,5,1,0,0,Petrol
71000,17.0,11,1,0,0,Petrol
70000,16.8,10,1,0,0,Petrol
34000,12.99,9,0,1,0,Diesel
76091,20.0,10,0,1,0,Diesel
35093,27.28,5,0,1,0,Diesel
50000,17.0,14,1,0,0,Petrol
74000,12.05,14,1,0,0,Petrol
90000,22.32,11,0,1,0,Diesel
34277,17.8,8,1,0,0,Petrol
51000,16.07,12,0,1,0,Diesel
69000,19.0,11,0,0,0,Petrol
50000,19.3,8,0,1,0,Diesel
63500,19.5,5,0,1,0,Diesel
38000,18.25,6,0,1,0,Diesel
185000,12.8,15,0,1,0,Diesel
68500,15.4,6,0,1,0,Diesel
160000,23.2,11,0,1,0,Diesel
2950,20.04,4,1,0,0,Petrol
7000,16.47,5,1,0,0,Petrol
65000,25.44,11,0,1,0,Diesel
35966,17.5,13,1,0,0,Petrol
45000,20.36,13,1,0,0,Petrol
78000,17.3,13,0,0,0,Petrol
10450,28.4,4,0,1,0,Diesel
55000,15.04,6,0,1,0,Diesel
80000,25.0,9,0,1,0,Diesel
39000,24.0,6,0,1,0,Diesel
40000,22.32,9,0,1,0,Diesel
90000,15.1,9,0,1,0,Diesel
38672,15.2,10,0,1,0,Diesel
58000,15.5,9,1,0,0,Petrol
15000,18.9,6,1,0,0,Petrol
10000,17.5,4,1,0,0,Petrol
5000,17.57,5,1,0,0,Petrol
39000,19.01,10,0,1,0,Diesel
54500,23.26,8,1,0,0,Petrol
70000,18.48,12,0,1,0,Diesel
110000,17.0,17,1,0,0,Petrol
31318,17.8,5,1,0,0,Petrol
54500,19.12,6,1,0,0,Petrol
63000,15.37,9,1,0,0,Petrol
24000,22.48,6,0,1,0,Diesel
40000,25.4,8,1,0,0,Petrol
9500,17.99,3,1,0,0,Petrol
19000,22.3,7,1,0,0,Petrol
48000,17.0,13,1,0,0,Petrol
40000,12.07,9,0,1,0,Diesel
16500,17.43,5,1,0,0,Petrol
55000,16.55,6,0,1,0,Diesel
14200,17.0,4,1,0,0,Petrol
40000,21.38,6,0,1,0,Diesel
125000,23.59,11,0,1,0,Diesel
37000,14.84,11,0,1,0,Diesel
57000,20.45,10,0,1,0,Diesel
23354,25.1,5,0,1,0,Diesel
67000,21.79,15,1,0,0,Petrol
10382,25.0,13,0,1,0,Diesel
89000,15.96,9,0,1,0,Diesel
46412,21.7,9,0,1,0,Diesel
35000,20.36,13,1,0,0,Petrol
48000,17.0,18,1,0,0,Petrol
72000,23.2,10,0,1,0,Diesel
162000,23.03,10,0,1,0,Diesel
150000,22.9,12,0,1,0,Diesel
20000,20.85,8,1,0,0,Petrol
15000,22.0,4,1,0,0,Petrol
47682,16.0,14,1,0,0,Petrol
122772,12.05,10,0,1,0,Diesel
75000,11.78,9,0,1,0,Diesel
35000,16.3,7,1,0,0,Petrol
60000,28.09,6,0,1,0,Diesel
100000,16.5,6,0,1,0,Diesel
70000,15.4,8,0,1,0,Diesel
100000,23.08,11,0,1,0,Diesel
80000,17.92,15,1,0,0,Petrol
61348,19.3,8,0,1,0,Diesel
15000,18.7,8,1,0,0,Petrol
49000,17.4,6,1,0,0,Petrol
21800,19.1,8,1,0,0,Petrol
80000,15.0,14,1,0,0,Petrol
72432,18.49,6,0,1,0,Diesel
8500,21.56,4,1,0,0,Petrol
80000,24.3,6,0,1,0,Diesel
100000,24.52,6,0,1,0,Diesel
62000,20.14,8,0,1,0,Diesel
47000,17.0,10,1,0,0,Petrol
40775,23.1,7,1,0,0,Petrol
44000,20.54,10,0,1,0,Diesel
66000,12.35,11,0,1,0,Diesel
119000,14.0,9,0,1,0,Diesel
315000,18.9,13,1,0,0,Petrol
52000,18.9,7,1,0,0,Petrol
58000,12.9,8,0,1,0,Diesel
40000,25.32,7,0,1,0,Diesel
106500,20.0,11,0,1,0,Diesel
120000,14.0,12,0,1,0,Diesel
26026,18.2,6,1,0,0,Petrol
70000,16.11,12,1,0,0,Petrol
33000,23.1,6,1,0,0,Petrol
87000,20.0,13,0,1,0,Diesel
50000,24.52,7,0,1,0,Diesel
15000,19.2,8,0,0,0,Petrol
16000,17.19,5,1,0,0,Petrol
30000,17.8,4,1,0,0,Petrol
82000,13.5,12,0,1,0,Diesel
24099,28.09,5,0,1,0,Diesel
49000,10.91,5,0,1,0,Diesel
20000,22.0,5,0,1,0,Diesel
50000,17.0,11,1,0,0,Petrol
58000,27.39,6,0,1,0,Diesel
71441,17.7,15,1,0,0,Petrol
50000,20.63,6,1,0,0,Petrol
14400,13.96,4,1,0,0,Petrol
30000,14.7,7,1,0,0,Petrol
28025,17.1,6,0,1,0,Diesel
70000,20.36,13,1,0,0,Petrol
40000,24.7,5,0,1,0,Diesel
124000,14.7,11,0,1,0,Diesel
22000,22.74,8,1,0,0,Petrol
69000,22.77,8,0,1,0,Diesel
104433,15.6,13,1,0,0,Petrol
67400,12.55,9,0,1,0,Diesel
63000,21.79,14,1,0,0,Petrol
5209,18.5,10,1,0,0,Petrol
58222,22.32,12,0,1,0,Diesel
110000,25.8,9,0,1,0,Diesel
120000,15.4,6,0,1,0,Diesel
35000,24.0,4,0,1,0,Diesel
35000,20.0,4,1,0,0,Petrol
120000,18.9,17,1,0,0,Petrol
40100,19.0,11,1,0,0,Petrol
50000,19.09,8,0,1,0,Diesel
80000,16.5,6,0,1,0,Diesel
100000,15.1,4,0,1,0,Diesel
12705,21.01,4,1,0,0,Petrol
5945,17.09,3,0,1,0,Diesel
47240,15.1,9,0,1,0,Diesel
40000,16.8,7,1,0,0,Petrol
18000,25.17,6,1,0,0,Petrol
52000,18.6,8,1,0,0,Petrol
7000,22.48,5,0,1,0,Diesel
15000,18.6,5,1,0,0,Petrol
50000,21.21,4,1,0,0,Petrol
105800,20.92,11,1,0,0,Petrol
95904,14.28,7,1,0,0,Petrol
87000,18.9,14,1,0,0,Petrol
11266,20.92,12,1,0,0,Petrol
10000,23.84,4,1,0,0,Petrol
64529,18.6,10,1,0,0,Petrol
110000,23.4,6,0,1,0,Diesel
133000,20.45,9,0,1,0,Diesel
30000,17.0,6,1,0,0,Petrol
23211,23.9,6,0,1,0,Diesel
60000,16.0,12,1,0,0,Petrol
44000,12.3,14,1,0,0,Petrol
8700,21.63,3,1,0,0,Petrol
12120,16.8,4,1,0,0,Petrol
63000,16.07,13,0,1,0,Diesel
62000,13.68,6,0,1,0,Diesel
83000,16.1,15,1,0,0,Petrol
59839,14.0,11,0,1,0,Diesel
27000,17.21,5,1,0,0,Petrol
50000,26.59,8,0,1,0,Diesel
22809,25.1,4,0,1,0,Diesel
10000,23.7,3,0,1,0,Diesel
22000,21.5,4,1,0,0,Petrol
40000,20.5,10,0,1,0,Diesel
70000,24.0,10,0,1,0,Diesel
33794,18.6,8,1,0,0,Petrol
10000,23.01,5,1,0,0,Petrol
54000,17.4,13,1,0,0,Petrol
76000,22.9,11,0,1,0,Diesel
57468,17.97,8,1,0,0,Petrol
90000,21.43,11,0,1,0,Diesel
16000,17.0,4,1,0,0,Petrol
86300,25.5,6,0,1,0,Diesel
120000,22.1,11,0,1,0,Diesel
61000,15.8,9,1,0,0,Petrol
56393,22.77,7,0,1,0,Diesel
29000,28.4,6,0,1,0,Diesel
120000,23.59,8,0,1,0,Diesel
25000,19.0,5,1,0,0,Petrol
80000,19.0,8,0,0,0,Petrol
13000,15.04,5,1,0,0,Petrol
33000,17.5,5,1,0,0,Petrol
100000,18.6,9,1,0,0,Petrol
82465,17.8,13,0,1,0,Diesel
60000,13.8,18,1,0,0,Petrol
54111,19.81,8,1,0,0,Petrol
25000,24.3,6,0,1,0,Diesel
1000,15.81,3,1,0,0,Petrol
96000,22.32,11,0,1,0,Diesel
15000,22.27,4,0,1,0,Diesel
50000,28.4,6,0,1,0,Diesel
27500,20.51,6,1,0,0,Petrol
60000,20.51,8,1,0,0,Petrol
78000,14.21,14,0,1,0,Diesel
55000,22.07,11,0,1,0,Diesel
130000,17.0,12,1,0,0,Petrol
33860,20.51,8,1,0,0,Petrol
73000,20.36,9,1,0,0,Petrol
40000,21.63,8,1,0,0,Petrol
50000,14.7,6,1,0,0,Petrol
26000,110.0,5,0,0,1,Electric
15000,25.17,6,1,0,0,Petrol
12000,23.84,4,1,0,0,Petrol
42000,25.44,11,0,1,0,Diesel
72000,21.1,8,0,1,0,Diesel
20000,17.0,4,0,1,0,Diesel
51000,26.6,7,0,0,0,Petrol
35000,19.7,16,1,0,0,Petrol
40000,28.09,7,0,1,0,Diesel
86900,19.3,9,0,1,0,Diesel
60000,17.11,9,0,1,0,Diesel
27930,18.2,16,1,0,0,Petrol
45788,20.0,10,0,1,0,Diesel
35000,16.0,7,0,1,0,Diesel
40000,17.5,5,1,0,0,Petrol
20365,20.51,8,1,0,0,Petrol
60000,14.4,14,0,1,0,Diesel
55000,32.52,7,0,0,0,Petrol
33000,17.2,5,0,1,0,Diesel
120000,13.6,17,0,1,0,Diesel
134213,12.55,11,0,1,0,Diesel
28000,20.65,6,0,1,0,Diesel
220000,20.86,13,0,1,0,Diesel
60000,17.71,10,1,0,0,Petrol
52132,23.2,10,0,1,0,Diesel
49000,22.74,8,1,0,0,Petrol
51524,16.0,6,0,1,0,Diesel
168986,17.6,12,1,0,0,Petrol
60000,24.3,6,0,1,0,Diesel
50000,19.67,6,0,1,0,Diesel
80000,15.4,8,0,1,0,Diesel
65000,19.01,9,0,1,0,Diesel
5000,24.7,4,1,0,0,Petrol
48000,19.0,6,1,0,0,Petrol
5600,19.0,4,1,0,0,Petrol
185000,20.54,11,0,1,0,Diesel
20500,24.3,4,0,1,0,Diesel
120000,12.8,11,0,1,0,Diesel
15000,23.01,6,1,0,0,Petrol
140000,23.4,5,0,1,0,Diesel
71255,19.01,6,0,1,0,Diesel
15000,17.6,4,0,1,0,Diesel
45000,19.02,8,1,0,0,Petrol
40000,21.21,5,1,0,0,Petrol
25000,28.4,6,0,1,0,Diesel
200000,12.8,16,0,1,0,Diesel
65000,14.53,13,1,0,0,Petrol
49454,18.5,11,1,0,0,Petrol
34996,19.4,6,1,0,0,Petrol
22251,22.0,5,1,0,0,Petrol
44000,25.8,8,0,1,0,Diesel
25000,17.01,7,1,0,0,Petrol
20000,15.4,4,0,1,0,Diesel
83000,11.3,15,1,0,0,Petrol
35000,14.49,13,1,0,0,Petrol
110000,22.7,10,0,1,0,Diesel
48001,21.38,6,0,1,0,Diesel
70000,23.1,7,1,0,0,Petrol
58000,17.1,12,1,0,0,Petrol
11800,17.43,6,1,0,0,Petrol
52000,19.59,6,0,1,0,Diesel
35000,17.4,9,1,0,0,Petrol
20000,22.69,6,0,1,0,Diesel
104473,15.7,13,1,0,0,Petrol
31600,21.4,7,1,0,0,Petrol
46000,10.93,12,1,0,0,Petrol
47000,17.21,6,1,0,0,Petrol
73172,22.15,7,0,1,0,Diesel
40000,18.9,12,1,0,0,Petrol
20000,23.95,4,1,0,0,Petrol
65000,17.0,14,1,0,0,Petrol
33000,13.0,8,0,1,0,Diesel
70462,21.21,9,0,1,0,Diesel
62257,21.0,7,0,1,0,Diesel
78000,17.21,7,1,0,0,Petrol
20000,15.0,7,0,1,0,Diesel
45075,22.74,9,1,0,0,Petrol
19000,21.21,5,1,0,0,Petrol
45000,17.4,11,1,0,0,Petrol
13572,21.66,7,0,1,0,Diesel
10000,23.95,4,1,0,0,Petrol
21000,15.73,5,0,1,0,Diesel
50000,17.57,8,1,0,0,Petrol
55000,20.34,10,0,1,0,Diesel
74000,17.0,9,1,0,0,Petrol
34000,18.9,7,1,0,0,Petrol
70000,17.21,11,0,1,0,Diesel
50000,16.2,11,0,1,0,Diesel
64579,14.1,7,0,1,0,Diesel
50000,19.87,6,0,1,0,Diesel
82000,17.9,13,0,1,0,Diesel
38000,19.81,8,1,0,0,Petrol
5000,21.63,5,1,0,0,Petrol
38000,21.4,5,1,0,0,Petrol
88000,20.0,9,0,1,0,Diesel
58000,20.73,6,1,0,0,Petrol
83000,16.6,17,1,0,0,Petrol
74840,20.77,10,0,1,0,Diesel
23000,23.84,4,1,0,0,Petrol
70000,28.4,6,0,1,0,Diesel
35000,25.4,4,0,1,0,Diesel
46001,14.21,12,0,1,0,Diesel
35000,19.0,13,1,0,0,Petrol
54000,15.17,8,0,1,0,Diesel
105000,25.8,9,0,1,0,Diesel
24000,24.12,11,1,0,0,Petrol
120000,15.73,11,0,1,0,Diesel
61200,14.53,9,1,0,0,Petrol
127357,27.3,8,0,1,0,Diesel
74500,21.1,12,0,1,0,Diesel
72168,20.14,7,0,1,0,Diesel
30000,17.0,5,1,0,0,Petrol
53000,16.05,7,1,0,0,Petrol
92000,11.0,16,0,1,0,Diesel
27500,17.7,8,1,0,0,Petrol
215000,17.8,12,0,1,0,Diesel
19000,17.5,5,1,0,0,Petrol
20000,19.56,6,1,0,0,Petrol
49083,20.45,11,0,1,0,Diesel
18000,17.5,4,1,0,0,Petrol
90000,18.1,11,0,1,0,Diesel
76416,25.83,8,0,1,0,Diesel
123000,22.9,11,0,1,0,Diesel
40000,17.19,5,1,0,0,Petrol
100000,23.4,9,0,1,0,Diesel
25000,28.4,6,0,1,0,Diesel
5730,17.4,7,1,0,0,Petrol
16502,16.5,4,1,0,0,Petrol
20000,25.0,12,0,1,0,Diesel
16000,17.4,5,1,0,0,Petrol
50000,21.19,7,0,1,0,Diesel
65000,18.2,15,1,0,0,Petrol
165000,13.5,11,0,1,0,Diesel
39000,16.09,10,0,1,0,Diesel
80000,23.57,12,0,1,0,Diesel
110000,22.32,12,0,1,0,Diesel
38546,20.51,8,1,0,0,Petrol
18000,17.21,6,1,0,0,Petrol
52000,17.68,9,0,1,0,Diesel
90000,18.6,9,1,0,0,Petrol
78000,16.95,12,1,0,0,Petrol
50000,22.1,10,0,1,0,Diesel
51000,24.3,7,0,1,0,Diesel
47000,18.0,8,1,0,0,Petrol
45000,19.59,7,0,1,0,Diesel
51010,14.7,14,1,0,0,Petrol
60000,19.7,16,1,0,0,Petrol
21000,25.6,4,0,1,0,Diesel
19000,17.9,5,0,1,0,Diesel
87000,19.16,7,1,0,0,Petrol
70175,21.27,10,0,1,0,Diesel
70000,19.01,9,0,1,0,Diesel
50000,17.01,10,1,0,0,Petrol
101271,22.9,10,0,1,0,Diesel
19000,20.51,6,1,0,0,Petrol
20000,17.9,5,0,1,0,Diesel
43000,18.59,5,0,1,0,Diesel
43000,20.51,11,1,0,0,Petrol
32967,16.2,7,1,0,0,Petrol
171000,25.1,9,0,1,0,Diesel
29500,16.1,11,1,0,0,Petrol
45280,17.5,6,0,0,0,Petrol
70000,18.06,12,1,0,0,Petrol
71000,22.54,12,0,1,0,Diesel
7120,18.6,3,1,0,0,Petrol
17731,22.7,6,1,0,0,Petrol
35701,20.73,7,1,0,0,Petrol
36000,16.25,10,1,0,0,Petrol
81754,20.77,10,0,1,0,Diesel
50000,18.49,4,0,1,0,Diesel
40000,21.21,6,1,0,0,Petrol
35000,18.9,6,1,0,0,Petrol
70000,22.54,7,0,1,0,Diesel
42000,20.92,10,1,0,0,Petrol
32500,15.8,6,1,0,0,Petrol
65894,16.47,12,1,0,0,Petrol
91288,24.0,7,0,1,0,Diesel
30000,12.99,9,0,1,0,Diesel
68000,14.66,12,0,1,0,Diesel
50000,18.0,14,1,0,0,Petrol
80000,22.9,11,0,1,0,Diesel
65000,21.19,6,0,1,0,Diesel
32400,17.92,13,1,0,0,Petrol
32000,18.6,12,1,0,0,Petrol
30000,17.6,6,0,1,0,Diesel
30000,20.63,8,1,0,0,Petrol
53000,17.21,7,1,0,0,Petrol
70000,21.9,7,0,1,0,Diesel
150000,18.2,7,0,1,0,Diesel
95000,12.8,10,0,1,0,Diesel
105610,22.74,8,1,0,0,Petrol
41000,17.43,8,1,0,0,Petrol
25000,12.99,8,0,1,0,Diesel
72000,24.52,7,0,1,0,Diesel
38900,19.87,10,0,1,0,Diesel
57500,26.0,9,0,1,0,Diesel
90000,15.1,10,0,1,0,Diesel
69000,13.68,5,0,1,0,Diesel
51321,21.66,7,0,1,0,Diesel
91795,13.5,6,0,1,0,Diesel
58100,22.7,9,0,1,0,Diesel
80000,21.1,9,0,0,0,Petrol
150000,12.55,6,0,1,0,Diesel
58980,12.8,13,0,1,0,Diesel
47000,20.46,10,0,1,0,Diesel
99000,25.1,9,0,1,0,Diesel
14400,23.95,6,1,0,0,Petrol
4000,15.0,4,1,0,0,Petrol
2277,15.5,4,1,0,0,Petrol
76000,22.77,7,0,1,0,Diesel
19000,17.8,4,1,0,0,Petrol
35000,18.16,7,1,0,0,Petrol
20000,19.34,4,1,0,0,Petrol
22720,17.5,11,1,0,0,Petrol
65328,23.59,6,0,1,0,Diesel
29000,11.0,6,0,1,0,Diesel
25000,17.01,7,1,0,0,Petrol
78000,24.7,5,0,1,0,Diesel
58000,25.5,5,0,1,0,Diesel
5000,24.04,3,1,0,0,Petrol
55000,24.3,6,0,1,0,Diesel
11000,25.5,5,0,1,0,Diesel
69264,21.21,9,0,1,0,Diesel
24132,20.35,5,1,0,0,Petrol
15000,21.63,5,1,0,0,Petrol
60000,15.4,8,0,1,0,Diesel
90000,17.3,18,1,0,0,Petrol
40000,25.1,5,0,1,0,Diesel
27000,20.73,4,1,0,0,Petrol
100000,18.9,11,1,0,0,Petrol
135000,20.0,13,0,1,0,Diesel
66381,20.36,12,1,0,0,Petrol
100000,20.34,10,0,1,0,Diesel
90000,19.3,12,0,1,0,Diesel
30000,24.7,6,1,0,0,Petrol
16315,21.4,5,1,0,0,Petrol
61000,26.0,6,0,1,0,Diesel
20272,24.3,6,0,1,0,Diesel
69000,22.32,10,0,1,0,Diesel
15000,17.4,5,1,0,0,Petrol
75000,28.4,11,0,1,0,Diesel
70000,18.9,14,1,0,0,Petrol
73795,17.5,12,1,0,0,Petrol
36000,16.02,9,1,0,0,Petrol
8000,15.04,5,1,0,0,Petrol
89000,15.0,12,1,0,0,Petrol
4646,22.7,4,1,0,0,Petrol
23746,22.69,9,0,1,0,Diesel
277000,12.99,10,0,1,0,Diesel
180000,12.8,14,0,1,0,Diesel
20000,18.5,13,1,0,0,Petrol
100000,13.2,13,1,0,0,Petrol
45000,30.46,7,0,0,0,Petrol
30000,17.0,5,1,0,0,Petrol
100000,20.36,13,1,0,0,Petrol
40000,20.77,9,0,1,0,Diesel
50000,23.08,11,0,1,0,Diesel
61000,14.7,8,1,0,0,Petrol
10000,18.16,5,1,0,0,Petrol
90000,16.0,6,0,1,0,Diesel
61000,18.6,7,1,0,0,Petrol
40000,17.11,7,0,1,0,Diesel
49000,17.8,7,1,0,0,Petrol
80000,21.1,12,0,1,0,Diesel
84251,19.2,14,1,0,0,Petrol
94181,12.05,11,0,1,0,Diesel
60000,28.4,5,0,1,0,Diesel
40000,23.95,5,1,0,0,Petrol
94573,17.72,12,0,1,0,Diesel
18171,16.2,6,1,0,0,Petrol
21500,21.21,5,1,0,0,Petrol
56000,19.59,8,0,1,0,Diesel
15000,21.9,8,1,0,0,Petrol
80000,13.5,17,1,0,0,Petrol
1001,19.56,3,1,0,0,Petrol
32000,22.07,10,0,1,0,Diesel
15000,18.5,6,1,0,0,Petrol
60000,23.01,8,1,0,0,Petrol
59000,15.26,7,1,0,0,Petrol
74508,22.54,11,0,1,0,Diesel
21000,15.1,5,0,1,0,Diesel
46000,21.94,4,0,0,0,Petrol
10000,23.84,4,1,0,0,Petrol
19369,23.95,6,1,0,0,Petrol
9000,22.48,4,0,1,0,Diesel
45000,27.39,6,0,1,0,Diesel
35000,18.5,8,1,0,0,Petrol
65000,21.64,7,0,1,0,Diesel
28366,19.5,4,1,0,0,Petrol
57000,21.12,10,0,1,0,Diesel
55000,18.49,6,0,1,0,Diesel
21257,18.5,8,1,0,0,Petrol
50000,18.0,15,1,0,0,Petrol
79000,20.5,11,0,1,0,Diesel
70000,20.0,11,0,1,0,Diesel
49000,21.9,11,0,1,0,Diesel
48000,27.39,5,0,1,0,Diesel
98000,15.04,6,0,1,0,Diesel
49000,18.6,6,1,0,0,Petrol
60000,18.16,7,1,0,0,Petrol
20000,17.4,4,1,0,0,Petrol
63000,20.45,10,0,1,0,Diesel
62000,17.8,6,0,1,0,Diesel
22000,21.94,5,0,0,0,Petrol
100000,15.96,11,0,1,0,Diesel
67300,15.85,8,1,0,0,Petrol
40813,18.9,6,1,0,0,Petrol
6399,19.5,4,1,0,0,Petrol
48000,20.64,8,0,1,0,Diesel
38452,20.36,11,1,0,0,Petrol
30589,18.9,9,1,0,0,Petrol
72000,18.7,5,1,0,0,Petrol
52089,19.7,15,1,0,0,Petrol
59000,18.9,11,1,0,0,Petrol
8000,18.9,4,1,0,0,Petrol
56328,21.9,11,0,1,0,Diesel
23000,24.7,6,1,0,0,Petrol
20000,23.84,4,1,0,0,Petrol
30000,18.7,5,1,0,0,Petrol
50000,16.0,8,0,1,0,Diesel
40000,20.85,7,1,0,0,Petrol
120000,19.4,11,0,1,0,Diesel
64735,21.9,10,0,1,0,Diesel
80000,22.0,7,0,1,0,Diesel
16000,25.4,13,1,0,0,Petrol
50000,14.28,6,1,0,0,Petrol
22000,21.4,5,1,0,0,Petrol
46000,23.59,7,0,1,0,Diesel
80000,14.53,11,1,0,0,Petrol
43000,18.0,9,1,0,0,Petrol
23461,18.0,8,1,0,0,Petrol
57500,17.0,14,1,0,0,Petrol
45000,14.21,7,0,1,0,Diesel
25000,18.6,8,1,0,0,Petrol
56527,15.04,11,1,0,0,Petrol
82000,18.44,6,1,0,0,Petrol
63000,19.81,9,1,0,0,Petrol
25000,20.89,4,1,0,0,Petrol
57642,20.0,10,0,1,0,Diesel
15000,20.37,5,0,1,0,Diesel
5630,17.0,4,1,0,0,Petrol
5863,23.95,4,1,0,0,Petrol
75000,17.21,8,1,0,0,Petrol
46000,16.0,6,0,1,0,Diesel
170000,19.01,9,0,1,0,Diesel
25000,18.9,13,1,0,0,Petrol
126000,11.0,19,0,1,0,Diesel
51303,23.0,7,0,1,0,Diesel
126436,14.21,13,0,1,0,Diesel
2000,20.51,5,1,0,0,Petrol
27200,24.3,7,0,1,0,Diesel
25000,18.9,6,1,0,0,Petrol
38000,16.47,8,1,0,0,Petrol
90000,27.3,7,0,1,0,Diesel
46000,23.2,9,0,1,0,Diesel
58000,20.73,6,1,0,0,Petrol
120000,23.57,12,0,1,0,Diesel
50000,20.51,8,1,0,0,Petrol
57000,17.0,10,1,0,0,Petrol
35000,21.58,7,0,1,0,Diesel
34000,25.17,5,1,0,0,Petrol
70000,9.9,13,1,0,0,Petrol
40000,26.59,8,0,1,0,Diesel
72829,21.79,7,1,0,0,Petrol
84475,22.54,8,0,1,0,Diesel
56000,20.45,9,0,1,0,Diesel
70000,15.05,10,0,1,0,Diesel
6003,21.56,3,1,0,0,Petrol
37000,14.67,6,1,0,0,Petrol
50000,17.0,5,1,0,0,Petrol
85405,19.01,10,0,1,0,Diesel
120000,13.6,12,0,1,0,Diesel
146781,26.0,9,0,1,0,Diesel
15000,15.5,12,1,0,0,Petrol
66325,27.3,7,0,1,0,Diesel
80000,15.4,8,0,1,0,Diesel
48000,19.87,8,0,1,0,Diesel
21750,22.0,4,1,0,0,Petrol
25000,15.6,11,1,0,0,Petrol
25000,21.1,5,1,0,0,Petrol
20587,18.9,9,1,0,0,Petrol
120000,15.26,14,1,0,0,Petrol
54500,14.3,9,1,0,0,Petrol
120000,17.8,15,0,1,0,Diesel
69666,16.5,8,0,1,0,Diesel
56000,14.21,12,0,1,0,Diesel
40000,18.9,9,1,0,0,Petrol
1900,16.5,3,1,0,0,Petrol
60000,19.7,14,1,0,0,Petrol
37900,18.19,7,1,0,0,Petrol
82000,13.5,17,1,0,0,Petrol
113974,23.2,11,0,1,0,Diesel
105000,22.07,12,0,1,0,Diesel
120000,19.0,6,0,0,0,Petrol
3300,19.83,4,1,0,0,Petrol
44000,20.51,7,1,0,0,Petrol
40000,20.51,7,1,0,0,Petrol
59000,14.16,10,0,1,0,Diesel
5000,22.05,3,1,0,0,Petrol
50000,12.9,5,0,1,0,Diesel
21001,20.92,11,1,0,0,Petrol
50000,19.7,15,1,0,0,Petrol
89000,22.54,6,0,1,0,Diesel
110000,23.59,12,0,1,0,Diesel
89000,26.0,8,0,1,0,Diesel
17000,23.1,5,1,0,0,Petrol
60000,20.51,8,1,0,0,Petrol
86000,19.3,12,0,1,0,Diesel
33033,18.49,5,0,1,0,Diesel
43000,15.1,9,0,1,0,Diesel
3960,22.0,3,1,0,0,Petrol
115222,12.2,8,0,1,0,Diesel
41010,19.4,10,1,0,0,Petrol
55000,17.5,11,1,0,0,Petrol
120000,15.96,11,0,1,0,Diesel
20000,18.6,5,1,0,0,Petrol
55000,16.2,6,1,0,0,Petrol
66000,11.72,10,0,1,0,Diesel
250000,20.45,10,0,1,0,Diesel
15000,17.0,18,1,0,0,Petrol
37809,17.5,11,1,0,0,Petrol
24000,19.4,9,1,0,0,Petrol
90000,25.83,8,0,1,0,Diesel
93292,17.0,12,1,0,0,Petrol
80000,24.0,8,0,1,0,Diesel
13000,10.2,14,1,0,0,Petrol
102620,17.0,12,1,0,0,Petrol
40000,15.6,12,1,0,0,Petrol
80000,23.08,10,0,1,0,Diesel
71000,14.28,6,1,0,0,Petrol
23950,23.8,4,0,1,0,Diesel
46000,18.2,13,1,0,0,Petrol
42000,33.44,7,0,0,0,Petrol
60000,22.74,7,1,0,0,Petrol
9210,24.7,6,1,0,0,Petrol
100000,23.59,6,0,1,0,Diesel
20000,18.9,5,1,0,0,Petrol
55000,23.1,7,1,0,0,Petrol
120000,15.96,7,0,1,0,Diesel
34000,17.0,6,1,0,0,Petrol
65000,17.0,10,1,0,0,Petrol
60000,14.7,9,1,0,0,Petrol
91000,13.0,8,0,1,0,Diesel
24700,16.0,6,1,0,0,Petrol
50000,24.0,6,0,1,0,Diesel
70000,8.45,15,1,0,0,Petrol
61000,16.95,12,1,0,0,Petrol
7900,15.29,6,1,0,0,Petrol
15734,24.3,5,0,1,0,Diesel
70000,13.68,6,0,1,0,Diesel
80000,17.0,17,1,0,0,Petrol
73500,20.36,11,1,0,0,Petrol
39000,18.6,5,1,0,0,Petrol
110000,14.0,13,0,1,0,Diesel
110000,12.8,16,0,1,0,Diesel
69934,15.4,11,0,1,0,Diesel
45000,15.4,8,0,1,0,Diesel
43000,19.7,13,1,0,0,Petrol
63554,20.51,7,1,0,0,Petrol
51118,23.1,8,1,0,0,Petrol
30000,22.0,7,1,0,0,Petrol
12000,21.5,12,1,0,0,Petrol
20000,17.01,6,1,0,0,Petrol
55670,17.8,7,1,0,0,Petrol
127000,11.5,12,0,1,0,Diesel
42895,17.5,8,0,0,0,Petrol
100000,11.5,11,0,1,0,Diesel
50000,19.02,7,1,0,0,Petrol
71000,22.27,9,0,1,0,Diesel
28603,22.0,6,1,0,0,Petrol
37500,20.51,7,1,0,0,Petrol
53000,27.39,6,0,1,0,Diesel
99220,19.3,9,0,1,0,Diesel
76000,21.94,6,0,0,0,Petrol
30000,18.9,11,1,0,0,Petrol
50000,25.8,10,0,1,0,Diesel
76759,14.1,6,0,1,0,Diesel
140000,13.58,7,0,1,0,Diesel
35000,21.1,10,1,0,0,Petrol
21065,18.9,6,1,0,0,Petrol
120000,11.57,13,0,1,0,Diesel
82000,13.1,10,1,0,0,Petrol
72248,19.67,8,0,1,0,Diesel
28000,18.9,5,1,0,0,Petrol
50000,22.74,7,1,0,0,Petrol
63001,23.8,5,0,1,0,Diesel
79000,17.11,10,0,1,0,Diesel
67000,21.5,12,0,1,0,Diesel
55373,22.54,5,0,1,0,Diesel
81000,17.1,10,1,0,0,Petrol
14101,21.1,9,1,0,0,Petrol
26000,19.27,8,0,1,0,Diesel
90000,26.59,8,0,1,0,Diesel
57000,26.2,12,0,0,0,Petrol
77395,18.49,6,0,1,0,Diesel
90000,22.95,6,0,1,0,Diesel
20700,33.44,6,0,0,0,Petrol
8000,17.01,12,1,0,0,Petrol
8000,16.2,13,1,0,0,Petrol
70000,17.4,6,1,0,0,Petrol
45000,16.93,8,1,0,0,Petrol
90000,19.3,9,0,1,0,Diesel
65411,19.67,5,0,1,0,Diesel
21814,23.84,5,1,0,0,Petrol
72000,9.3,13,1,0,0,Petrol
46774,18.7,7,1,0,0,Petrol
40383,16.7,11,1,0,0,Petrol
19000,17.0,5,1,0,0,Petrol
28000,17.9,6,0,1,0,Diesel
61504,25.44,11,0,1,0,Diesel
19000,19.0,11,1,0,0,Petrol
70500,26.0,8,0,1,0,Diesel
68111,22.7,9,0,1,0,Diesel
106868,12.8,13,0,1,0,Diesel
19000,22.7,5,0,1,0,Diesel
40000,15.8,6,1,0,0,Petrol
35000,24.3,5,0,1,0,Diesel
43429,22.0,10,1,0,0,Petrol
55000,25.47,10,0,1,0,Diesel
31000,18.7,6,1,0,0,Petrol
40000,18.0,13,1,0,0,Petrol
30000,19.44,7,1,0,0,Petrol
50225,19.0,13,1,0,0,Petrol
120000,22.74,11,1,0,0,Petrol
120000,23.59,11,0,1,0,Diesel
30000,23.95,5,1,0,0,Petrol
70000,23.2,11,0,1,0,Diesel
21696,17.0,7,1,0,0,Petrol
10000,19.4,7,0,1,0,Diesel
53000,17.6,12,1,0,0,Petrol
15918,18.9,5,1,0,0,Petrol
56000,28.09,7,0,1,0,Diesel
108000,21.9,11,0,1,0,Diesel
9800,16.9,5,1,0,0,Petrol
53215,22.95,7,0,1,0,Diesel
43206,20.85,8,1,0,0,Petrol
89000,25.2,8,0,1,0,Diesel
10000,20.28,4,1,0,0,Petrol
34600,19.33,6,0,1,0,Diesel
110000,11.79,10,0,1,0,Diesel
30000,18.6,8,1,0,0,Petrol
14000,28.4,5,0,1,0,Diesel
15000,23.87,4,1,0,0,Petrol
36000,17.3,4,0,1,0,Diesel
71845,14.09,8,1,0,0,Petrol
58000,20.4,7,1,0,0,Petrol
10000,22.0,6,1,0,0,Petrol
27000,16.55,9,0,1,0,Diesel
11000,14.28,5,1,0,0,Petrol
35000,18.6,8,1,0,0,Petrol
175645,12.8,9,0,1,0,Diesel
50000,20.3,5,1,0,0,Petrol
20000,25.47,4,0,1,0,Diesel
42000,24.4,5,0,1,0,Diesel
33000,17.71,8,1,0,0,Petrol
30000,23.95,5,1,0,0,Petrol
30000,15.4,9,0,1,0,Diesel
51000,21.4,7,1,0,0,Petrol
29836,20.51,7,1,0,0,Petrol
25000,23.7,4,0,1,0,Diesel
10000,19.0,5,1,0,0,Petrol
70000,21.79,15,1,0,0,Petrol
40000,22.9,11,0,1,0,Diesel
92000,19.7,15,1,0,0,Petrol
68500,23.0,8,0,1,0,Diesel
70000,18.9,7,1,0,0,Petrol
75000,16.0,17,1,0,0,Petrol
44560,23.65,7,0,1,0,Diesel
41000,18.9,7,1,0,0,Petrol
100000,17.19,7,1,0,0,Petrol
6076,16.8,4,1,0,0,Petrol
35000,19.2,11,1,0,0,Petrol
71200,19.3,10,0,1,0,Diesel
43000,19.1,7,1,0,0,Petrol
40000,26.1,4,0,1,0,Diesel
80730,23.9,8,0,1,0,Diesel
4000,18.6,5,1,0,0,Petrol
1001,23.0,3,1,0,0,Petrol
56000,19.1,10,1,0,0,Petrol
35092,21.01,6,1,0,0,Petrol
15000,21.21,4,1,0,0,Petrol
85000,12.8,11,0,1,0,Diesel
20000,15.1,3,0,1,0,Diesel
56000,15.04,10,1,0,0,Petrol
46000,18.0,7,1,0,0,Petrol
71572,25.8,8,0,1,0,Diesel
54985,16.2,8,1,0,0,Petrol
50000,19.1,7,1,0,0,Petrol
40000,17.92,13,1,0,0,Petrol
69000,17.5,14,1,0,0,Petrol
70000,18.6,12,1,0,0,Petrol
33500,18.5,9,1,0,0,Petrol
31400,28.09,6,0,1,0,Diesel
26200,22.74,10,1,0,0,Petrol
16285,18.6,5,1,0,0,Petrol
25000,17.8,5,1,0,0,Petrol
66000,20.54,10,0,1,0,Diesel
120000,12.0,10,0,1,0,Diesel
10725,13.0,6,0,1,0,Diesel
27000,21.1,11,0,0,0,Petrol
40000,17.71,8,1,0,0,Petrol
59455,19.7,12,1,0,0,Petrol
80000,21.1,6,0,0,0,Petrol
112000,24.0,8,0,1,0,Diesel
49000,18.9,6,1,0,0,Petrol
2100,19.01,6,1,0,0,Petrol
50000,17.01,10,1,0,0,Petrol
70000,27.39,7,0,1,0,Diesel
55000,18.5,9,1,0,0,Petrol
50168,25.2,8,0,1,0,Diesel
50000,14.21,12,0,1,0,Diesel
15000,28.4,4,0,1,0,Diesel
56000,17.3,9,1,0,0,Petrol
68000,17.2,8,0,1,0,Diesel
31210,25.1,6,0,1,0,Diesel
29000,21.76,7,0,1,0,Diesel
33000,21.43,6,0,1,0,Diesel
30000,18.6,12,1,0,0,Petrol
90000,22.32,9,0,1,0,Diesel
8000,18.6,5,1,0,0,Petrol
71000,27.62,7,0,1,0,Diesel
5000,15.4,6,1,0,0,Petrol
37500,18.06,9,1,0,0,Petrol
48592,18.7,6,0,1,0,Diesel
50000,20.3,6,1,0,0,Petrol
93000,26.6,5,0,0,0,Petrol
130000,22.95,7,0,1,0,Diesel
85000,17.0,11,0,1,0,Diesel
50000,25.2,7,0,1,0,Diesel
81619,13.17,16,1,0,0,Petrol
17000,10.37,7,1,0,0,Petrol
2085,21.01,3,1,0,0,Petrol
39543,27.28,6,0,1,0,Diesel
55000,18.6,7,1,0,0,Petrol
41000,22.7,7,1,0,0,Petrol
168877,14.3,15,0,1,0,Diesel
20000,17.8,7,1,0,0,Petrol
102000,14.0,13,0,1,0,Diesel
100000,17.8,17,0,1,0,Diesel
45000,19.4,11,1,0,0,Petrol
97000,12.05,15,0,1,0,Diesel
144653,22.07,10,0,1,0,Diesel
62443,18.9,11,1,0,0,Petrol
97000,25.8,9,0,1,0,Diesel
38000,22.7,9,0,1,0,Diesel
60000,16.1,17,1,0,0,Petrol
63513,12.3,10,1,0,0,Petrol
22000,13.2,10,0,1,0,Diesel
58000,20.14,8,0,1,0,Diesel
50000,14.21,8,0,1,0,Diesel
120000,20.36,10,1,0,0,Petrol
35000,18.5,6,1,0,0,Petrol
120000,22.07,11,0,1,0,Diesel
49000,20.73,9,1,0,0,Petrol
30000,21.2,8,0,1,0,Diesel
77000,16.9,16,1,0,0,Petrol
211121,13.6,18,0,1,0,Diesel
60000,20.0,9,0,1,0,Diesel
120000,20.4,8,1,0,0,Petrol
34000,19.16,6,1,0,0,Petrol
38000,25.2,7,0,1,0,Diesel
90000,18.9,17,1,0,0,Petrol
110000,19.1,10,1,0,0,Petrol
13000,17.21,9,1,0,0,Petrol
62000,24.3,7,0,1,0,Diesel
23114,18.6,8,1,0,0,Petrol
70000,13.7,13,1,0,0,Petrol
147000,23.03,12,0,1,0,Diesel
31000,24.3,5,0,1,0,Diesel
80000,17.01,10,1,0,0,Petrol
50000,19.6,7,0,1,0,Diesel
41224,26.6,7,0,0,0,Petrol
14000,23.01,5,1,0,0,Petrol
22000,18.7,7,1,0,0,Petrol
36000,20.0,9,0,1,0,Diesel
56109,19.0,14,1,0,0,Petrol
35000,24.3,6,0,1,0,Diesel
2700,14.4,4,1,0,0,Petrol
16000,24.3,4,0,1,0,Diesel
32886,20.36,7,1,0,0,Petrol
23167,21.56,5,1,0,0,Petrol
3000,16.25,4,0,1,0,Diesel
1780,20.3,3,1,0,0,Petrol
69000,33.54,8,0,0,0,Petrol
67647,19.87,9,0,1,0,Diesel
52000,16.25,4,0,1,0,Diesel
60000,19.12,6,1,0,0,Petrol
165000,13.68,6,0,1,0,Diesel
50000,22.74,10,1,0,0,Petrol
30000,15.0,10,1,0,0,Petrol
25000,20.5,4,0,1,0,Diesel
46000,15.85,8,1,0,0,Petrol
15000,24.7,5,1,0,0,Petrol
95000,28.4,6,0,1,0,Diesel
110000,19.7,17,1,0,0,Petrol
67000,24.3,6,0,1,0,Diesel
78000,11.49,12,0,1,0,Diesel
14000,22.1,4,0,1,0,Diesel
27232,21.1,6,1,0,0,Petrol
4100,13.96,4,1,0,0,Petrol
31000,28.4,8,0,1,0,Diesel
99250,17.0,13,1,0,0,Petrol
45000,21.79,17,1,0,0,Petrol
50000,15.6,12,1,0,0,Petrol
74000,22.32,12,0,1,0,Diesel
21000,17.57,7,1,0,0,Petrol
38100,20.36,10,1,0,0,Petrol
18000,18.12,6,0,1,0,Diesel
120000,12.7,17,0,1,0,Diesel
150000,17.2,14,0,1,0,Diesel
69000,26.59,8,0,1,0,Diesel
75456,25.8,9,0,1,0,Diesel
1500,28.4,3,0,1,0,Diesel
39000,16.0,15,0,0,0,Petrol
50000,14.59,10,1,0,0,Petrol
57530,18.0,8,1,0,0,Petrol
100000,25.0,9,0,1,0,Diesel
73000,15.29,8,1,0,0,Petrol
50000,19.67,7,0,1,0,Diesel
37000,19.34,5,1,0,0,Petrol
54000,14.94,12,0,1,0,Diesel
47100,11.3,16,1,0,0,Petrol
15000,19.1,9,1,0,0,Petrol
20000,17.57,7,1,0,0,Petrol
51000,19.23,9,1,0,0,Petrol
22346,17.0,4,1,0,0,Petrol
37000,16.0,8,0,1,0,Diesel
79855,20.51,8,1,0,0,Petrol
10000,20.52,3,1,0,0,Petrol
13000,15.37,4,1,0,0,Petrol
90000,25.1,8,0,1,0,Diesel
115000,11.3,8,0,1,0,Diesel
37000,16.09,10,0,1,0,Diesel
47000,13.68,6,0,1,0,Diesel
60000,20.0,9,0,1,0,Diesel
37600,18.2,15,1,0,0,Petrol
71000,13.68,6,0,1,0,Diesel
69000,27.3,6,0,1,0,Diesel
25000,13.5,8,0,1,0,Diesel
59000,15.04,9,1,0,0,Petrol
60000,22.7,10,0,1,0,Diesel
48000,19.44,5,1,0,0,Petrol
67000,12.07,14,0,1,0,Diesel
74000,17.01,10,1,0,0,Petrol
70000,25.2,9,0,1,0,Diesel
20000,17.0,6,1,0,0,Petrol
40000,16.0,5,0,1,0,Diesel
80000,17.92,14,1,0,0,Petrol
20000,17.0,5,1,0,0,Petrol
40000,16.95,12,1,0,0,Petrol
51000,15.1,8,0,1,0,Diesel
91062,24.3,6,0,1,0,Diesel
30000,16.2,7,1,0,0,Petrol
12000,18.9,11,1,0,0,Petrol
100000,23.95,6,1,0,0,Petrol
55000,12.55,6,0,1,0,Diesel
90923,19.87,10,0,1,0,Diesel
50000,23.0,5,0,1,0,Diesel
23142,19.83,6,1,0,0,Petrol
88000,23.59,10,0,1,0,Diesel
35000,18.6,7,1,0,0,Petrol
44000,19.59,8,0,1,0,Diesel
55000,17.8,6,1,0,0,Petrol
54000,19.64,10,0,1,0,Diesel
17745,20.51,6,1,0,0,Petrol
25000,21.1,8,1,0,0,Petrol
70000,21.38,6,0,1,0,Diesel
46532,25.8,9,0,1,0,Diesel
40000,25.2,7,0,1,0,Diesel
90000,13.0,18,1,0,0,Petrol
55827,17.9,8,0,1,0,Diesel
60000,19.4,9,1,0,0,Petrol
8000,17.0,4,1,0,0,Petrol
15000,22.54,4,0,1,0,Diesel
70000,18.5,10,1,0,0,Petrol
90000,17.3,15,0,0,0,Petrol
23000,21.4,6,1,0,0,Petrol
29327,25.4,8,1,0,0,Petrol
29500,25.8,10,0,1,0,Diesel
15000,17.4,8,1,0,0,Petrol
50000,16.2,13,0,1,0,Diesel
72068,21.2,8,0,1,0,Diesel
50000,19.3,7,0,1,0,Diesel
30500,24.12,6,1,0,0,Petrol
25000,17.8,5,1,0,0,Petrol
4400,13.01,7,0,1,0,Diesel
58000,18.9,10,1,0,0,Petrol
40000,22.54,9,0,1,0,Diesel
3800000,16.0,7,0,1,0,Diesel
32545,20.36,10,1,0,0,Petrol
15000,23.1,6,1,0,0,Petrol
115000,23.0,6,0,1,0,Diesel
29000,18.9,7,1,0,0,Petrol
45000,22.0,6,0,1,0,Diesel
74000,17.3,18,1,0,0,Petrol
64000,17.01,8,0,1,0,Diesel
62156,25.8,7,0,1,0,Diesel
11999,20.51,7,1,0,0,Petrol
30000,22.74,7,1,0,0,Petrol
100000,22.32,9,0,1,0,Diesel
30041,21.21,8,1,0,0,Petrol
68000,20.36,12,1,0,0,Petrol
26000,19.0,6,1,0,0,Petrol
6800,23.95,5,1,0,0,Petrol
64321,21.79,14,1,0,0,Petrol
120000,22.95,6,0,1,0,Diesel
72000,16.07,12,0,1,0,Diesel
50000,19.71,11,0,1,0,Diesel
39000,18.6,6,1,0,0,Petrol
59000,18.6,7,1,0,0,Petrol
35000,23.95,9,1,0,0,Petrol
78000,12.99,8,0,1,0,Diesel
17000,18.15,5,1,0,0,Petrol
30000,19.59,4,1,0,0,Petrol
50000,19.49,8,1,0,0,Petrol
25166,19.81,7,1,0,0,Petrol
70000,17.0,17,1,0,0,Petrol
40000,18.44,7,1,0,0,Petrol
65000,15.37,11,1,0,0,Petrol
89000,21.9,10,0,1,0,Diesel
87000,17.19,6,1,0,0,Petrol
19455,19.7,11,1,0,0,Petrol
23970,23.1,9,1,0,0,Petrol
35000,14.8,6,1,0,0,Petrol
37439,14.0,14,0,1,0,Diesel
30917,22.32,11,0,1,0,Diesel
51000,24.1,9,0,1,0,Diesel
60000,9.4,8,1,0,0,Petrol
48000,17.19,6,1,0,0,Petrol
73000,26.21,9,0,1,0,Diesel
134000,23.0,11,0,1,0,Diesel
63872,18.5,11,1,0,0,Petrol
100000,21.38,6,0,1,0,Diesel
11000,20.89,4,1,0,0,Petrol
63000,22.48,5,0,1,0,Diesel
59012,25.83,5,0,1,0,Diesel
95000,25.2,8,0,1,0,Diesel
150624,13.45,10,0,0,0,Petrol
50000,18.9,9,1,0,0,Petrol
22500,21.14,7,0,1,0,Diesel
63351,26.0,9,0,1,0,Diesel
581,18.0,3,1,0,0,Petrol
52000,21.1,9,1,0,0,Petrol
23000,18.5,11,1,0,0,Petrol
19022,33.54,4,0,0,0,Petrol
55087,21.01,6,1,0,0,Petrol
25000,17.5,4,1,0,0,Petrol
41000,21.4,7,1,0,0,Petrol
61000,28.4,5,0,1,0,Diesel
62000,11.4,12,0,1,0,Diesel
50000,22.07,11,0,1,0,Diesel
65000,10.34,10,1,0,0,Petrol
70000,20.36,13,1,0,0,Petrol
60000,20.68,6,0,1,0,Diesel
100000,12.55,11,0,1,0,Diesel
5000,25.32,6,0,1,0,Diesel
17206,20.3,5,1,0,0,Petrol
33000,21.01,5,1,0,0,Petrol
90145,22.74,8,1,0,0,Petrol
130000,12.55,11,0,1,0,Diesel
25000,18.49,4,0,1,0,Diesel
63000,20.14,7,0,1,0,Diesel
11235,21.1,5,1,0,0,Petrol
9000,21.01,4,1,0,0,Petrol
75000,25.8,10,0,1,0,Diesel
110000,12.05,11,0,1,0,Diesel
52000,16.09,8,1,0,0,Petrol
4933,21.4,5,1,0,0,Petrol
78500,19.67,8,0,1,0,Diesel
80000,17.0,14,1,0,0,Petrol
50900,19.3,9,0,1,0,Diesel
69000,17.8,13,0,1,0,Diesel
20000,18.16,7,1,0,0,Petrol
80000,18.49,6,0,1,0,Diesel
29432,22.27,7,0,1,0,Diesel
35000,14.0,10,1,0,0,Petrol
52000,16.8,11,1,0,0,Petrol
200000,12.99,10,0,1,0,Diesel
100000,12.05,9,0,1,0,Diesel
40000,17.0,5,1,0,0,Petrol
80000,18.6,11,0,1,0,Diesel
17000,19.0,4,1,0,0,Petrol
20825,21.21,5,1,0,0,Petrol
41100,23.59,6,0,1,0,Diesel
42000,27.3,7,0,1,0,Diesel
70000,19.7,11,1,0,0,Petrol
75000,17.11,10,0,1,0,Diesel
58000,11.4,11,0,1,0,Diesel
50111,16.2,13,0,1,0,Diesel
60000,16.55,6,0,1,0,Diesel
65000,13.14,10,1,0,0,Petrol
120000,22.74,7,1,0,0,Petrol
41500,12.05,11,1,0,0,Petrol
70000,24.0,5,0,1,0,Diesel
42037,28.4,7,0,1,0,Diesel
38765,22.0,7,1,0,0,Petrol
40000,21.1,10,1,0,0,Petrol
13000,23.95,7,1,0,0,Petrol
25000,20.77,9,0,1,0,Diesel
77034,16.9,16,1,0,0,Petrol
168000,17.8,16,0,1,0,Diesel
15000,18.9,8,1,0,0,Petrol
27000,18.53,6,0,1,0,Diesel
53085,24.3,7,0,1,0,Diesel
34273,16.1,15,1,0,0,Petrol
7791,25.1,5,0,1,0,Diesel
37000,13.5,9,0,1,0,Diesel
45000,17.0,11,1,0,0,Petrol
79000,22.07,9,0,1,0,Diesel
74450,21.5,8,0,1,0,Diesel
51000,14.84,9,0,1,0,Diesel
25000,9.52,8,0,1,0,Diesel
33000,20.89,6,1,0,0,Petrol
56702,22.32,11,0,1,0,Diesel
22500,16.36,6,0,1,0,Diesel
51890,17.5,9,0,0,0,Petrol
28061,15.0,5,1,0,0,Petrol
69000,17.6,5,0,1,0,Diesel
10000,17.0,4,1,0,0,Petrol
35000,19.81,7,1,0,0,Petrol
68000,18.48,11,0,1,0,Diesel
64000,15.8,8,1,0,0,Petrol
76000,15.5,13,1,0,0,Petrol
110000,20.45,10,0,1,0,Diesel
110000,19.67,6,0,1,0,Diesel
68000,19.64,9,0,1,0,Diesel
82722,17.8,7,0,1,0,Diesel
25000,20.92,11,1,0,0,Petrol
50000,16.1,15,1,0,0,Petrol
44000,26.6,7,0,0,0,Petrol
10000,18.0,6,1,0,0,Petrol
65000,14.16,11,0,1,0,Diesel
33000,25.5,6,0,1,0,Diesel
55000,19.3,10,0,1,0,Diesel
62000,19.1,9,1,0,0,Petrol
79000,19.67,6,0,1,0,Diesel
85000,21.27,8,0,1,0,Diesel
89504,23.4,9,0,1,0,Diesel
115000,12.99,9,0,1,0,Diesel
118000,14.8,16,0,1,0,Diesel
69000,20.36,13,1,0,0,Petrol
90000,17.88,16,0,1,0,Diesel
14000,21.5,5,0,1,0,Diesel
50000,18.16,5,1,0,0,Petrol
80000,23.91,11,1,0,0,Petrol
85520,22.0,13,1,0,0,Petrol
23540,14.8,5,1,0,0,Petrol
75875,14.0,9,0,1,0,Diesel
25000,17.19,5,1,0,0,Petrol
101000,23.4,7,0,1,0,Diesel
23000,17.0,6,1,0,0,Petrol
120000,23.4,10,0,1,0,Diesel
220000,12.8,14,0,1,0,Diesel
36000,18.51,5,0,1,0,Diesel
18307,20.51,7,1,0,0,Petrol
40000,18.44,8,1,0,0,Petrol
78000,22.32,9,0,1,0,Diesel
15000,13.0,6,1,0,0,Petrol
15000,18.49,6,0,1,0,Diesel
65000,19.16,7,1,0,0,Petrol
50000,17.8,6,1,0,0,Petrol
70000,19.0,10,1,0,0,Petrol
7103,19.4,10,1,0,0,Petrol
98300,17.11,9,0,1,0,Diesel
36000,13.68,5,0,1,0,Diesel
38700,18.9,8,1,0,0,Petrol
120000,22.74,10,1,0,0,Petrol
75000,28.4,6,0,1,0,Diesel
95500,15.3,8,0,1,0,Diesel
200000,20.45,9,0,1,0,Diesel
54349,17.2,9,0,1,0,Diesel
132000,17.0,17,1,0,0,Petrol
98398,20.0,11,0,1,0,Diesel
15000,23.01,7,1,0,0,Petrol
33000,17.3,4,0,1,0,Diesel
25000,22.0,5,1,0,0,Petrol
55000,17.84,7,1,0,0,Petrol
62000,25.44,10,0,1,0,Diesel
40000,19.0,13,1,0,0,Petrol
25000,14.0,9,0,1,0,Diesel
92171,23.2,11,0,1,0,Diesel
68000,16.1,13,1,0,0,Petrol
86700,22.3,11,0,1,0,Diesel
80000,16.1,13,0,1,0,Diesel
40000,18.9,9,1,0,0,Petrol
50000,15.04,12,1,0,0,Petrol
85000,17.0,11,0,1,0,Diesel
5000,21.7,3,1,0,0,Petrol
60000,21.38,5,0,1,0,Diesel
61000,12.4,6,0,1,0,Diesel
50000,17.8,6,0,1,0,Diesel
60000,21.43,11,0,1,0,Diesel
64000,28.4,6,0,1,0,Diesel
35000,16.1,13,1,0,0,Petrol
60000,17.92,14,1,0,0,Petrol
74000,17.68,10,0,1,0,Diesel
38000,18.15,7,1,0,0,Petrol
50000,20.85,8,1,0,0,Petrol
8000,14.67,6,1,0,0,Petrol
65000,17.0,14,1,0,0,Petrol
64001,17.01,10,1,0,0,Petrol
27240,17.19,6,1,0,0,Petrol
65000,19.3,12,0,1,0,Diesel
23774,23.95,7,1,0,0,Petrol
140000,13.93,12,0,1,0,Diesel
49000,28.09,8,0,1,0,Diesel
20000,20.62,7,1,0,0,Petrol
37485,18.9,7,1,0,0,Petrol
97529,13.5,10,0,1,0,Diesel
8500,23.01,4,1,0,0,Petrol
90000,19.6,7,0,1,0,Diesel
42000,17.5,14,1,0,0,Petrol
64000,26.6,10,0,0,0,Petrol
50000,14.0,8,0,1,0,Diesel
24000,17.0,5,1,0,0,Petrol
120000,24.4,6,0,1,0,Diesel
85000,16.46,16,0,1,0,Diesel
120000,23.59,9,0,1,0,Diesel
110000,15.26,10,0,1,0,Diesel
100000,17.0,14,1,0,0,Petrol
4000,14.23,4,1,0,0,Petrol
52896,18.6,6,1,0,0,Petrol
63000,18.48,12,0,1,0,Diesel
90000,21.38,8,0,1,0,Diesel
25000,23.84,5,1,0,0,Petrol
80000,20.64,6,0,1,0,Diesel
33650,18.9,18,1,0,0,Petrol
54226,13.68,6,0,1,0,Diesel
30000,25.17,7,1,0,0,Petrol
33500,15.96,5,0,1,0,Diesel
34300,18.6,6,1,0,0,Petrol
50000,21.19,8,0,1,0,Diesel
78000,21.9,12,0,1,0,Diesel
22000,21.1,7,1,0,0,Petrol
60000,15.0,16,1,0,0,Petrol
20000,18.9,6,1,0,0,Petrol
200000,17.2,12,0,1,0,Diesel
115000,18.3,10,1,0,0,Petrol
60000,22.54,5,0,1,0,Diesel
60000,18.6,13,1,0,0,Petrol
49000,16.78,11,1,0,0,Petrol
20000,15.37,8,1,0,0,Petrol
54000,18.88,10,0,1,0,Diesel
80000,17.92,15,1,0,0,Petrol
80000,21.64,6,0,1,0,Diesel
15000,15.8,6,1,0,0,Petrol
120000,18.0,8,1,0,0,Petrol
96000,17.8,15,0,1,0,Diesel
100000,11.57,11,0,1,0,Diesel
20000,20.85,7,1,0,0,Petrol
50000,18.15,6,1,0,0,Petrol
80000,17.8,6,1,0,0,Petrol
50000,22.15,7,0,1,0,Diesel
68000,22.54,7,0,1,0,Diesel
31000,19.34,7,1,0,0,Petrol
50000,23.03,11,0,1,0,Diesel
110000,23.1,8,1,0,0,Petrol
7801,21.01,4,1,0,0,Petrol
50000,17.8,9,0,1,0,Diesel
10000,22.1,8,0,1,0,Diesel
30000,22.0,7,0,1,0,Diesel
18000,17.0,4,0,1,0,Diesel
30000,28.4,6,0,1,0,Diesel
160000,12.8,14,0,1,0,Diesel
82000,16.1,17,1,0,0,Petrol
80000,28.4,5,0,1,0,Diesel
90000,11.2,13,1,0,0,Petrol
58000,23.01,7,1,0,0,Petrol
38311,20.51,6,1,0,0,Petrol
61000,28.4,7,0,1,0,Diesel
110000,17.01,10,1,0,0,Petrol
105000,17.0,8,0,1,0,Diesel
120000,14.8,9,0,1,0,Diesel
92000,22.9,8,0,1,0,Diesel
73000,16.47,9,1,0,0,Petrol
10000,20.68,4,0,1,0,Diesel
82000,11.78,9,0,1,0,Diesel
35000,19.3,9,0,1,0,Diesel
80000,17.21,9,0,1,0,Diesel
3957,19.0,3,1,0,0,Petrol
50000,18.9,6,1,0,0,Petrol
77000,12.55,9,0,1,0,Diesel
850000,19.87,6,0,1,0,Diesel
6000,19.0,4,0,1,0,Diesel
34000,23.95,9,1,0,0,Petrol
34000,16.0,6,0,1,0,Diesel
85000,14.39,10,0,1,0,Diesel
130000,15.1,11,0,1,0,Diesel
23206,19.34,5,1,0,0,Petrol
35372,18.9,8,1,0,0,Petrol
35000,17.8,13,0,1,0,Diesel
35000,23.84,4,1,0,0,Petrol
79000,17.2,9,0,1,0,Diesel
48488,18.6,8,1,0,0,Petrol
31324,16.0,5,0,1,0,Diesel
120000,14.0,10,0,1,0,Diesel
57000,28.4,4,0,1,0,Diesel
61000,15.8,8,1,0,0,Petrol
50000,14.28,8,1,0,0,Petrol
107030,13.0,10,0,1,0,Diesel
10000,17.0,5,1,0,0,Petrol
15000,19.27,5,0,1,0,Diesel
50000,24.7,5,1,0,0,Petrol
60000,22.1,10,0,1,0,Diesel
63000,20.14,8,0,1,0,Diesel
120000,20.51,7,1,0,0,Petrol
93648,15.96,8,0,1,0,Diesel
87800,19.3,11,0,1,0,Diesel
50000,11.3,9,0,1,0,Diesel
46000,17.32,5,0,1,0,Diesel
30000,18.6,7,1,0,0,Petrol
20000,18.15,6,1,0,0,Petrol
40000,17.0,17,1,0,0,Petrol
30000,19.7,25,1,0,0,Petrol
2700,23.95,6,1,0,0,Petrol
40000,20.45,9,0,1,0,Diesel
62000,16.8,10,1,0,0,Petrol
70000,17.8,7,1,0,0,Petrol
40000,20.45,9,0,1,0,Diesel
64000,28.4,9,0,1,0,Diesel
36000,23.08,12,0,1,0,Diesel
82000,13.68,7,0,1,0,Diesel
45000,22.74,10,1,0,0,Petrol
7500,20.45,3,0,1,0,Diesel
80000,19.87,10,0,1,0,Diesel
33000,25.5,5,0,1,0,Diesel
72000,17.8,9,0,1,0,Diesel
41000,16.02,10,1,0,0,Petrol
89000,13.01,9,0,1,0,Diesel
132000,24.4,6,0,1,0,Diesel
50000,17.0,13,0,1,0,Diesel
68000,26.0,9,0,1,0,Diesel
20000,21.4,6,1,0,0,Petrol
49000,12.05,13,0,1,0,Diesel
148000,18.6,11,0,1,0,Diesel
50000,16.0,14,1,0,0,Petrol
5000,21.21,4,1,0,0,Petrol
50000,24.4,5,0,1,0,Diesel
36000,25.1,5,0,1,0,Diesel
50250,15.0,14,1,0,0,Petrol
60000,21.64,10,0,1,0,Diesel
60000,19.16,8,1,0,0,Petrol
29800,16.2,12,0,1,0,Diesel
98000,12.8,10,0,1,0,Diesel
69000,22.77,8,0,1,0,Diesel
62000,25.44,11,0,1,0,Diesel
120000,24.3,7,0,1,0,Diesel
50000,23.08,8,0,1,0,Diesel
8000,18.6,5,1,0,0,Petrol
22000,25.5,5,0,1,0,Diesel
42000,21.79,6,1,0,0,Petrol
39000,17.01,6,1,0,0,Petrol
150000,23.4,7,0,1,0,Diesel
37151,20.14,9,0,1,0,Diesel
63000,20.0,10,0,1,0,Diesel
14636,15.9,6,1,0,0,Petrol
41000,18.5,9,1,0,0,Petrol
5000,20.7,3,1,0,0,Petrol
52000,25.5,5,0,1,0,Diesel
25000,25.4,11,1,0,0,Petrol
55000,16.8,11,1,0,0,Petrol
45486,21.1,11,1,0,0,Petrol
110000,13.0,10,0,1,0,Diesel
50000,19.7,18,1,0,0,Petrol
101931,19.3,9,0,1,0,Diesel
85000,22.54,7,0,1,0,Diesel
79000,23.4,11,0,1,0,Diesel
12706,24.7,6,1,0,0,Petrol
90000,22.74,10,1,0,0,Petrol
40000,20.14,6,1,0,0,Petrol
87845,19.4,14,0,1,0,Diesel
50000,18.9,8,1,0,0,Petrol
70000,19.7,17,1,0,0,Petrol
80000,11.36,5,0,1,0,Diesel
10000,18.9,5,1,0,0,Petrol
132000,24.52,7,0,1,0,Diesel
86000,22.7,9,0,1,0,Diesel
57000,13.68,6,0,1,0,Diesel
92000,20.36,10,1,0,0,Petrol
41000,18.6,7,1,0,0,Petrol
25000,15.4,6,1,0,0,Petrol
40000,19.3,7,0,1,0,Diesel
10000,18.15,4,1,0,0,Petrol
85000,23.08,10,0,1,0,Diesel
70000,17.0,15,0,1,0,Diesel
49000,18.6,8,1,0,0,Petrol
82000,12.3,13,1,0,0,Petrol
72000,19.98,8,0,1,0,Diesel
9850,16.78,4,0,1,0,Diesel
61785,17.0,11,0,0,0,Petrol
101759,14.0,13,0,1,0,Diesel
110000,19.7,14,1,0,0,Petrol
50000,18.6,8,1,0,0,Petrol
39317,15.73,10,0,1,0,Diesel
50000,18.6,10,1,0,0,Petrol
30000,18.6,5,1,0,0,Petrol
7671,21.01,5,1,0,0,Petrol
92707,25.8,8,0,1,0,Diesel
46500,23.1,7,1,0,0,Petrol
20212,14.24,4,0,1,0,Diesel
36619,17.01,8,1,0,0,Petrol
35000,14.0,12,1,0,0,Petrol
120000,13.6,13,0,1,0,Diesel
4700,20.3,4,1,0,0,Petrol
70000,17.6,12,1,0,0,Petrol
41000,20.51,12,1,0,0,Petrol
10000,23.84,4,1,0,0,Petrol
40000,20.45,8,0,1,0,Diesel
92000,17.2,10,1,0,0,Petrol
65000,18.9,11,1,0,0,Petrol
100000,19.01,8,0,1,0,Diesel
53154,17.5,6,1,0,0,Petrol
100000,24.3,7,0,1,0,Diesel
28628,27.28,6,0,1,0,Diesel
56000,20.46,8,0,1,0,Diesel
63000,20.45,10,0,1,0,Diesel
32000,17.0,18,1,0,0,Petrol
70000,16.1,13,1,0,0,Petrol
70000,19.7,14,1,0,0,Petrol
37000,17.01,5,1,0,0,Petrol
77000,22.32,9,0,1,0,Diesel
68314,20.14,8,0,1,0,Diesel
74000,18.06,8,0,1,0,Diesel
10000,17.4,4,1,0,0,Petrol
25000,17.57,7,1,0,0,Petrol
30000,18.9,7,1,0,0,Petrol
30000,22.0,5,1,0,0,Petrol
27000,13.5,8,0,1,0,Diesel
35000,23.95,8,1,0,0,Petrol
55000,20.73,7,1,0,0,Petrol
20000,20.51,9,1,0,0,Petrol
130000,25.83,7,0,1,0,Diesel
37000,21.79,17,1,0,0,Petrol
350000,16.47,13,1,0,0,Petrol
15000,18.0,4,1,0,0,Petrol
72000,28.09,7,0,1,0,Diesel
24000,17.05,9,0,1,0,Diesel
77739,16.95,13,1,0,0,Petrol
75000,19.33,12,0,1,0,Diesel
50000,23.19,12,0,1,0,Diesel
167500,24.4,8,0,1,0,Diesel
50000,18.6,7,1,0,0,Petrol
14870,24.7,6,1,0,0,Petrol
49400,19.01,10,0,1,0,Diesel
5000,18.9,5,1,0,0,Petrol
100000,16.2,10,1,0,0,Petrol
65000,11.7,11,1,0,0,Petrol
110000,25.2,8,0,1,0,Diesel
12909,18.9,4,1,0,0,Petrol
10000,20.3,4,1,0,0,Petrol
55000,15.0,11,0,1,0,Diesel
46500,20.45,9,0,1,0,Diesel
58001,16.0,5,1,0,0,Petrol
69000,14.16,12,0,1,0,Diesel
39753,18.3,8,1,0,0,Petrol
10000,17.6,5,0,1,0,Diesel
55000,18.9,8,1,0,0,Petrol
110000,22.9,11,0,1,0,Diesel
50000,19.01,11,0,1,0,Diesel
70000,16.02,11,1,0,0,Petrol
78000,20.14,9,0,1,0,Diesel
53400,20.0,6,0,1,0,Diesel
90000,22.32,10,0,1,0,Diesel
26100,23.0,6,0,1,0,Diesel
57000,16.1,13,1,0,0,Petrol
35000,17.71,10,1,0,0,Petrol
72560,17.8,7,1,0,0,Petrol
61000,19.08,7,0,1,0,Diesel
49000,16.55,6,0,1,0,Diesel
30000,24.7,5,0,1,0,Diesel
53000,17.8,9,1,0,0,Petrol
70000,16.0,8,0,1,0,Diesel
60000,23.84,6,1,0,0,Petrol
90000,14.02,4,0,1,0,Diesel
30000,18.2,5,1,0,0,Petrol
22000,18.3,7,1,0,0,Petrol
17000,21.9,7,1,0,0,Petrol
94000,13.93,11,0,1,0,Diesel
100000,28.09,8,0,1,0,Diesel
85000,22.9,11,0,1,0,Diesel
110000,22.0,5,0,1,0,Diesel
30000,20.63,8,1,0,0,Petrol
80000,23.08,9,0,1,0,Diesel
96434,26.0,9,0,1,0,Diesel
55000,13.9,14,1,0,0,Petrol
48343,18.9,16,1,0,0,Petrol
35000,24.3,5,0,1,0,Diesel
73000,20.4,11,0,1,0,Diesel
120000,19.0,8,1,0,0,Petrol
5000,25.17,4,1,0,0,Petrol
31000,19.0,6,1,0,0,Petrol
19000,21.04,7,0,1,0,Diesel
240000,19.1,7,1,0,0,Petrol
5000,16.55,4,0,1,0,Diesel
110000,13.45,14,0,0,0,Petrol
52000,16.0,12,0,0,0,Petrol
162828,22.77,8,0,1,0,Diesel
5000,17.0,5,1,0,0,Petrol
40000,21.9,11,0,1,0,Diesel
60000,16.0,5,0,1,0,Diesel
183000,17.2,16,0,1,0,Diesel
67584,17.4,8,1,0,0,Petrol
76000,25.44,11,0,1,0,Diesel
26000,21.1,11,1,0,0,Petrol
81494,19.4,8,1,0,0,Petrol
90000,26.6,9,0,0,0,Petrol
33700,24.0,9,0,1,0,Diesel
10000,18.9,5,1,0,0,Petrol
68000,11.2,14,0,1,0,Diesel
49349,24.8,7,0,1,0,Diesel
65000,14.1,5,0,1,0,Diesel
10000,20.37,5,0,1,0,Diesel
54000,15.8,6,1,0,0,Petrol
40000,25.2,7,0,1,0,Diesel
120000,19.67,7,0,1,0,Diesel
47000,25.17,7,1,0,0,Petrol
57593,24.52,10,0,1,0,Diesel
13000,24.3,4,0,1,0,Diesel
51000,22.15,8,0,1,0,Diesel
30000,14.28,5,1,0,0,Petrol
90000,22.32,11,0,1,0,Diesel
72300,28.4,7,0,1,0,Diesel
26000,25.17,5,1,0,0,Petrol
80000,25.1,9,0,1,0,Diesel
25000,17.0,6,1,0,0,Petrol
84815,23.59,12,0,1,0,Diesel
27000,13.68,5,0,1,0,Diesel
41890,17.0,11,1,0,0,Petrol
80000,23.4,8,0,1,0,Diesel
71000,12.05,10,0,1,0,Diesel
70000,25.8,6,0,1,0,Diesel
90000,18.5,11,0,1,0,Diesel
68000,27.3,5,0,1,0,Diesel
50000,24.0,8,0,1,0,Diesel
43000,26.21,7,0,1,0,Diesel
11000,18.9,4,1,0,0,Petrol
24000,24.4,5,0,1,0,Diesel
82000,16.95,12,1,0,0,Petrol
34293,17.6,4,0,1,0,Diesel
10000,23.8,4,0,1,0,Diesel
65000,19.87,7,0,1,0,Diesel
40000,10.91,6,0,1,0,Diesel
48500,18.9,19,1,0,0,Petrol
69000,17.01,8,0,1,0,Diesel
70000,25.83,7,0,1,0,Diesel
65000,18.12,8,0,1,0,Diesel
31000,19.2,5,0,1,0,Diesel
30000,15.26,14,1,0,0,Petrol
45000,18.9,8,1,0,0,Petrol
110000,19.67,6,0,1,0,Diesel
10000,17.1,4,0,1,0,Diesel
32000,22.74,8,1,0,0,Petrol
45045,18.0,9,1,0,0,Petrol
83573,18.0,13,0,1,0,Diesel
275000,22.9,10,0,1,0,Diesel
120000,23.2,9,0,1,0,Diesel
51000,17.8,6,1,0,0,Petrol
35833,21.4,5,1,0,0,Petrol
51000,11.3,9,0,1,0,Diesel
52214,23.0,7,0,1,0,Diesel
50000,23.1,8,1,0,0,Petrol
65000,13.68,6,0,1,0,Diesel
160000,24.3,6,0,1,0,Diesel
34235,17.8,8,1,0,0,Petrol
21655,17.0,4,0,1,0,Diesel
70778,17.0,12,1,0,0,Petrol
50000,19.81,13,1,0,0,Petrol
46000,17.8,11,0,1,0,Diesel
48000,17.84,10,1,0,0,Petrol
50000,23.95,5,1,0,0,Petrol
6500,30.48,5,0,0,0,Petrol
114231,15.6,13,1,0,0,Petrol
33000,18.6,13,1,0,0,Petrol
70000,17.01,6,0,1,0,Diesel
60000,14.0,17,1,0,0,Petrol
42000,21.64,5,0,1,0,Diesel
55000,16.84,8,1,0,0,Petrol
8041,19.1,7,1,0,0,Petrol
21000,13.68,4,0,1,0,Diesel
70000,24.7,6,1,0,0,Petrol
50000,20.51,9,1,0,0,Petrol
60500,18.0,8,1,0,0,Petrol
68000,33.44,10,0,0,0,Petrol
120000,21.8,11,0,1,0,Diesel
10000,12.8,22,1,0,0,Petrol
31000,23.7,4,0,1,0,Diesel
30000,18.15,6,1,0,0,Petrol
12000,18.9,6,1,0,0,Petrol
19338,15.9,4,1,0,0,Petrol
44000,19.4,10,0,1,0,Diesel
60000,13.5,15,1,0,0,Petrol
42000,25.8,10,0,1,0,Diesel
58000,19.1,9,1,0,0,Petrol
26426,24.3,6,0,1,0,Diesel
52000,21.1,12,1,0,0,Petrol
29000,19.7,13,1,0,0,Petrol
15000,18.9,6,1,0,0,Petrol
43000,18.12,9,0,1,0,Diesel
35000,18.0,13,1,0,0,Petrol
65000,17.7,16,1,0,0,Petrol
76400,20.0,13,0,1,0,Diesel
58000,17.01,11,1,0,0,Petrol
120000,24.5,9,0,1,0,Diesel
50000,15.1,5,0,1,0,Diesel
75000,18.0,14,1,0,0,Petrol
41000,15.04,12,1,0,0,Petrol
114851,25.0,5,0,1,0,Diesel
28951,23.1,8,1,0,0,Petrol
35000,19.0,5,1,0,0,Petrol
30000,18.6,4,1,0,0,Petrol
43120,16.8,11,1,0,0,Petrol
60000,18.9,6,1,0,0,Petrol
40000,17.92,16,1,0,0,Petrol
58000,20.36,12,1,0,0,Petrol
120000,16.1,24,1,0,0,Petrol
54700,26.0,8,0,1,0,Diesel
61000,16.47,12,1,0,0,Petrol
35000,11.88,13,0,0,0,Petrol
40000,19.7,12,1,0,0,Petrol
60000,18.8,12,0,1,0,Diesel
51000,12.0,10,0,1,0,Diesel
75000,17.4,9,1,0,0,Petrol
32615,23.9,7,0,1,0,Diesel
89000,26.0,9,0,1,0,Diesel
22500,19.7,12,1,0,0,Petrol
57000,16.7,11,1,0,0,Petrol
42289,19.4,10,1,0,0,Petrol
74357,17.0,11,1,0,0,Petrol
74000,24.2,5,0,1,0,Diesel
23000,22.7,6,1,0,0,Petrol
66000,16.36,10,0,1,0,Diesel
26000,13.68,4,0,1,0,Diesel
55000,23.0,6,0,1,0,Diesel
8989,16.8,10,1,0,0,Petrol
8664,20.89,4,1,0,0,Petrol
28000,19.4,11,1,0,0,Petrol
299575,19.1,11,0,1,0,Diesel
40000,16.36,5,0,1,0,Diesel
61000,21.9,7,0,1,0,Diesel
70000,20.45,9,0,1,0,Diesel
75000,18.2,10,1,0,0,Petrol
3800,19.05,3,1,0,0,Petrol
97000,25.8,10,0,1,0,Diesel
122524,12.05,17,0,1,0,Diesel
68200,16.0,8,0,1,0,Diesel
33398,18.2,10,0,1,0,Diesel
80000,25.32,7,0,1,0,Diesel
44000,15.04,10,1,0,0,Petrol
55584,15.6,11,1,0,0,Petrol
7000,19.34,4,1,0,0,Petrol
50000,19.67,7,0,1,0,Diesel
27400,20.73,6,1,0,0,Petrol
40000,16.95,11,1,0,0,Petrol
59000,19.81,11,1,0,0,Petrol
50000,11.3,19,1,0,0,Petrol
84000,20.51,9,1,0,0,Petrol
22000,21.01,6,1,0,0,Petrol
50898,25.44,11,0,1,0,Diesel
45000,15.0,10,1,0,0,Petrol
68000,21.64,11,0,1,0,Diesel
40000,26.59,8,0,1,0,Diesel
13000,18.0,7,1,0,0,Petrol
18000,17.68,13,1,0,0,Petrol
44983,18.6,8,1,0,0,Petrol
35000,18.9,8,1,0,0,Petrol
67370,26.6,10,0,0,0,Petrol
38340,27.39,5,0,1,0,Diesel
51000,17.8,8,1,0,0,Petrol
40000,20.5,5,0,1,0,Diesel
57226,23.1,8,1,0,0,Petrol
50000,18.0,7,1,0,0,Petrol
50000,20.85,7,1,0,0,Petrol
80000,16.5,7,0,1,0,Diesel
27000,24.3,6,0,1,0,Diesel
20500,19.12,7,1,0,0,Petrol
49000,23.9,6,0,1,0,Diesel
50000,15.4,6,0,1,0,Diesel
62821,18.2,13,1,0,0,Petrol
100000,24.4,7,0,1,0,Diesel
120000,12.8,12,0,1,0,Diesel
65321,17.21,9,1,0,0,Petrol
80000,21.5,5,0,1,0,Diesel
60000,23.08,10,0,1,0,Diesel
30000,12.3,10,1,0,0,Petrol
55598,25.6,6,0,1,0,Diesel
100000,23.08,10,0,1,0,Diesel
14500,22.0,4,1,0,0,Petrol
35000,17.21,6,1,0,0,Petrol
120000,14.0,8,0,1,0,Diesel
66000,19.61,13,0,1,0,Diesel
80000,14.02,9,0,1,0,Diesel
67000,10.0,11,0,1,0,Diesel
48000,21.79,12,1,0,0,Petrol
70000,24.3,6,0,1,0,Diesel
56210,17.8,7,1,0,0,Petrol
39428,16.93,7,1,0,0,Petrol
26097,19.7,14,1,0,0,Petrol
57645,16.36,5,0,1,0,Diesel
57000,15.4,5,0,1,0,Diesel
80000,15.96,6,0,1,0,Diesel
41000,20.38,7,0,1,0,Diesel
120000,20.51,7,1,0,0,Petrol
38225,18.5,12,1,0,0,Petrol
50000,24.7,6,1,0,0,Petrol
21000,16.5,4,1,0,0,Petrol
47000,17.92,11,1,0,0,Petrol
50000,17.5,7,0,0,0,Petrol
35000,15.85,7,1,0,0,Petrol
16631,20.51,5,1,0,0,Petrol
52000,22.0,9,1,0,0,Petrol
76000,18.9,6,1,0,0,Petrol
66817,21.5,5,0,1,0,Diesel
60000,28.4,7,0,1,0,Diesel
36070,16.8,7,1,0,0,Petrol
100000,16.1,11,0,1,0,Diesel
10415,20.89,5,1,0,0,Petrol
35000,21.4,7,1,0,0,Petrol
75000,15.74,8,1,0,0,Petrol
50000,23.1,6,1,0,0,Petrol
80000,19.7,13,1,0,0,Petrol
57400,16.8,11,0,1,0,Diesel
12000,18.76,3,1,0,0,Petrol
160000,17.2,11,0,1,0,Diesel
36313,23.84,5,1,0,0,Petrol
128000,26.0,8,0,1,0,Diesel
120000,23.57,11,0,1,0,Diesel
8000,9.26,9,1,0,0,Petrol
50000,14.3,7,1,0,0,Petrol
36000,21.7,6,0,1,0,Diesel
31280,18.6,12,1,0,0,Petrol
19117,17.4,7,1,0,0,Petrol
35000,16.38,5,0,1,0,Diesel
70000,18.2,9,0,1,0,Diesel
22000,25.2,4,0,1,0,Diesel
66000,16.09,9,0,1,0,Diesel
55000,16.2,8,1,0,0,Petrol
49000,21.14,8,0,1,0,Diesel
60000,11.36,6,0,1,0,Diesel
20000,20.14,5,1,0,0,Petrol
70000,18.15,7,1,0,0,Petrol
55000,22.15,7,0,1,0,Diesel
50000,20.51,12,1,0,0,Petrol
77831,22.9,10,0,1,0,Diesel
33000,22.0,5,0,1,0,Diesel
72000,19.08,9,0,1,0,Diesel
72000,16.47,11,1,0,0,Petrol
173000,18.9,15,1,0,0,Petrol
74000,19.87,10,0,1,0,Diesel
80000,18.6,12,1,0,0,Petrol
60000,12.9,16,1,0,0,Petrol
39500,22.0,6,1,0,0,Petrol
56260,18.88,10,1,0,0,Petrol
50000,19.3,6,0,1,0,Diesel
64457,23.59,9,0,1,0,Diesel
80000,28.4,11,0,1,0,Diesel
74832,17.1,10,1,0,0,Petrol
63000,15.1,10,0,1,0,Diesel
21000,14.59,6,1,0,0,Petrol
300000,18.7,13,0,1,0,Diesel
38000,25.17,5,1,0,0,Petrol
13000,13.96,4,1,0,0,Petrol
24783,15.4,6,1,0,0,Petrol
64000,12.63,7,0,1,0,Diesel
36500,16.78,10,1,0,0,Petrol
53000,12.98,9,1,0,0,Petrol
38597,24.0,8,0,1,0,Diesel
90000,19.87,5,0,1,0,Diesel
15000,18.9,7,1,0,0,Petrol
13000,18.2,9,1,0,0,Petrol
73000,11.7,13,1,0,0,Petrol
25000,7.5,10,0,1,0,Diesel
75000,20.0,12,0,1,0,Diesel
18604,22.74,8,1,0,0,Petrol
62000,19.87,10,0,1,0,Diesel
58000,22.32,10,0,1,0,Diesel
61462,21.38,6,0,1,0,Diesel
50000,18.6,6,1,0,0,Petrol
90000,15.3,14,1,0,0,Petrol
73235,13.5,15,1,0,0,Petrol
17999,18.6,8,1,0,0,Petrol
10000,22.0,7,1,0,0,Petrol
70000,19.98,6,0,1,0,Diesel
110000,19.3,13,0,1,0,Diesel
82911,26.0,9,0,1,0,Diesel
30000,22.1,5,0,1,0,Diesel
47000,20.36,7,1,0,0,Petrol
70333,17.8,7,1,0,0,Petrol
15000,23.9,7,1,0,0,Petrol
100000,20.4,12,0,1,0,Diesel
69000,14.39,12,0,1,0,Diesel
107589,23.2,11,0,1,0,Diesel
75000,14.21,12,0,1,0,Diesel
45000,12.9,4,0,1,0,Diesel
64705,16.55,11,0,1,0,Diesel
112755,22.9,11,0,1,0,Diesel
52353,16.36,8,0,1,0,Diesel
95000,18.0,14,0,1,0,Diesel
42489,20.92,11,1,0,0,Petrol
43950,16.1,17,1,0,0,Petrol
50000,20.36,11,1,0,0,Petrol
76000,18.12,9,0,1,0,Diesel
75000,22.48,7,0,1,0,Diesel
20000,17.4,5,1,0,0,Petrol
47527,22.54,4,0,1,0,Diesel
28000,19.33,7,0,1,0,Diesel
195000,20.45,9,0,1,0,Diesel
68000,20.36,10,1,0,0,Petrol
33000,18.6,6,1,0,0,Petrol
52000,18.5,12,1,0,0,Petrol
17000,18.9,6,1,0,0,Petrol
158000,16.07,11,0,1,0,Diesel
80000,19.1,7,1,0,0,Petrol
11400,22.32,15,0,1,0,Diesel
56000,31.79,9,0,0,0,Petrol
5000,20.3,4,1,0,0,Petrol
71000,19.27,10,0,1,0,Diesel
170000,25.1,9,0,1,0,Diesel
15000,25.6,5,0,1,0,Diesel
73000,22.9,10,0,1,0,Diesel
55000,20.73,8,1,0,0,Petrol
42000,15.0,12,0,1,0,Diesel
45000,19.1,9,1,0,0,Petrol
36668,22.74,8,1,0,0,Petrol
57000,26.0,9,0,1,0,Diesel
70000,15.0,13,1,0,0,Petrol
15000,17.0,4,1,0,0,Petrol
75225,25.8,7,0,1,0,Diesel
64000,14.28,9,1,0,0,Petrol
15000,25.6,6,0,1,0,Diesel
6700,21.4,6,1,0,0,Petrol
80000,14.5,10,1,0,0,Petrol
58000,17.8,8,1,0,0,Petrol
43500,14.62,6,1,0,0,Petrol
15000,17.0,4,1,0,0,Petrol
60000,14.24,3,0,1,0,Diesel
37000,21.1,9,1,0,0,Petrol
135000,12.8,10,0,1,0,Diesel
50000,21.9,9,0,1,0,Diesel
10000,18.27,4,1,0,0,Petrol
70000,20.36,11,1,0,0,Petrol
90000,15.96,8,0,1,0,Diesel
43000,17.0,6,1,0,0,Petrol
5000,14.8,4,1,0,0,Petrol
63100,20.45,9,0,1,0,Diesel
40000,15.63,7,1,0,0,Petrol
35000,11.36,5,0,1,0,Diesel
120000,12.99,7,0,1,0,Diesel
90000,23.4,10,0,1,0,Diesel
84515,19.0,13,1,0,0,Petrol
70000,16.0,8,0,1,0,Diesel
34900,13.7,9,1,0,0,Petrol
15000,20.51,5,1,0,0,Petrol
55000,18.9,8,1,0,0,Petrol
7000,13.68,6,0,1,0,Diesel
65000,14.53,14,1,0,0,Petrol
52000,28.09,7,0,1,0,Diesel
33000,22.37,6,1,0,0,Petrol
3300,19.02,5,1,0,0,Petrol
85000,26.59,8,0,1,0,Diesel
72980,23.2,8,0,1,0,Diesel
59819,18.16,6,1,0,0,Petrol
87000,20.0,10,0,1,0,Diesel
58000,14.53,14,1,0,0,Petrol
37000,19.0,13,1,0,0,Petrol
92000,12.8,7,0,1,0,Diesel
30000,24.3,5,0,1,0,Diesel
11800,25.32,7,0,1,0,Diesel
49000,22.54,9,0,1,0,Diesel
10000,15.1,3,0,1,0,Diesel
80000,21.64,11,0,1,0,Diesel
36000,18.9,9,1,0,0,Petrol
33000,15.85,7,1,0,0,Petrol
98499,19.7,13,1,0,0,Petrol
20000,23.84,5,1,0,0,Petrol
157000,20.45,9,0,1,0,Diesel
14917,21.94,5,0,0,0,Petrol
54750,15.4,7,1,0,0,Petrol
120000,22.95,6,0,1,0,Diesel
28000,28.4,5,0,1,0,Diesel
118321,13.68,7,0,1,0,Diesel
85000,19.98,8,0,1,0,Diesel
11400,20.52,4,1,0,0,Petrol
53000,16.1,14,1,0,0,Petrol
50000,28.4,6,0,1,0,Diesel
87360,14.84,9,0,1,0,Diesel
80416,23.95,11,1,0,0,Petrol
120000,19.3,12,0,1,0,Diesel
70000,13.5,16,1,0,0,Petrol
51000,25.44,11,0,1,0,Diesel
55000,21.79,10,1,0,0,Petrol
70000,18.6,9,1,0,0,Petrol
110000,23.59,10,0,1,0,Diesel
120000,17.3,19,1,0,0,Petrol
33000,12.9,4,0,1,0,Diesel
70000,21.21,6,1,0,0,Petrol
50500,20.71,6,1,0,0,Petrol
4386,17.4,3,1,0,0,Petrol
35000,13.0,9,1,0,0,Petrol
70000,18.9,14,1,0,0,Petrol
35000,23.1,8,1,0,0,Petrol
70000,21.9,11,0,1,0,Diesel
68000,19.4,11,1,0,0,Petrol
39000,20.92,10,1,0,0,Petrol
46400,15.4,7,0,1,0,Diesel
36000,18.9,4,1,0,0,Petrol
70000,19.7,13,1,0,0,Petrol
41000,18.5,8,1,0,0,Petrol
74000,17.11,13,0,1,0,Diesel
16342,18.0,14,1,0,0,Petrol
15408,18.9,9,1,0,0,Petrol
80000,20.54,10,0,1,0,Diesel
120000,23.4,9,0,1,0,Diesel
30000,13.68,5,0,1,0,Diesel
39000,15.1,5,0,1,0,Diesel
47800,14.8,5,1,0,0,Petrol
56405,14.7,12,1,0,0,Petrol
42267,25.83,6,0,1,0,Diesel
51000,21.21,8,0,1,0,Diesel
52000,20.36,10,1,0,0,Petrol
64029,17.8,7,1,0,0,Petrol
43000,14.53,12,1,0,0,Petrol
61000,19.87,8,0,1,0,Diesel
72000,20.14,7,0,1,0,Diesel
35000,16.78,9,1,0,0,Petrol
28000,18.6,4,1,0,0,Petrol
62000,23.65,7,0,1,0,Diesel
33000,17.8,5,1,0,0,Petrol
27000,24.3,7,0,1,0,Diesel
70000,28.4,5,0,1,0,Diesel
73000,25.47,10,0,1,0,Diesel
17000,15.1,5,1,0,0,Petrol
40667,25.0,6,0,1,0,Diesel
35000,25.32,3,0,1,0,Diesel
60000,19.7,14,1,0,0,Petrol
55000,11.1,6,1,0,0,Petrol
64000,33.54,10,0,0,0,Petrol
62000,15.1,8,0,0,0,Petrol
40000,17.0,7,1,0,0,Petrol
60000,13.5,12,0,1,0,Diesel
50001,21.8,10,0,1,0,Diesel
39000,25.17,5,1,0,0,Petrol
2000,22.48,2,0,1,0,Diesel
90000,17.92,14,1,0,0,Petrol
120000,19.3,12,0,1,0,Diesel
90000,13.6,15,0,1,0,Diesel
70000,24.52,6,0,1,0,Diesel
62000,25.2,9,0,1,0,Diesel
40000,21.94,13,0,0,0,Petrol
51000,17.0,14,1,0,0,Petrol
35575,22.54,5,0,1,0,Diesel
75000,23.4,6,0,1,0,Diesel
57700,18.6,8,1,0,0,Petrol
90000,20.36,13,1,0,0,Petrol
22000,21.21,5,1,0,0,Petrol
185000,25.44,8,0,1,0,Diesel
90000,11.36,7,0,1,0,Diesel
48500,23.01,5,1,0,0,Petrol
38982,18.16,8,1,0,0,Petrol
72000,14.66,10,0,1,0,Diesel
113000,21.79,14,1,0,0,Petrol
120000,28.4,5,0,1,0,Diesel
95000,20.34,9,0,1,0,Diesel
36658,23.4,9,0,1,0,Diesel
66000,20.5,11,0,1,0,Diesel
54000,23.0,6,0,1,0,Diesel
27000,11.36,5,0,1,0,Diesel
35000,21.4,5,1,0,0,Petrol
124000,23.4,6,0,1,0,Diesel
120000,20.77,10,0,1,0,Diesel
70000,21.1,9,1,0,0,Petrol
17865,21.4,6,1,0,0,Petrol
72000,13.68,7,0,1,0,Diesel
60000,23.95,8,1,0,0,Petrol
91346,15.04,6,0,1,0,Diesel
56000,16.47,10,1,0,0,Petrol
14000,18.2,6,1,0,0,Petrol
20000,15.0,9,1,0,0,Petrol
38000,17.97,10,1,0,0,Petrol
8001,15.37,3,1,0,0,Petrol
68000,21.1,9,1,0,0,Petrol
35000,19.0,5,1,0,0,Petrol
60000,24.3,5,0,1,0,Diesel
25000,20.73,8,1,0,0,Petrol
66733,19.01,10,0,1,0,Diesel
50000,19.7,15,1,0,0,Petrol
54000,22.32,12,0,1,0,Diesel
80000,16.0,7,0,1,0,Diesel
179000,19.01,9,0,1,0,Diesel
60000,22.0,5,1,0,0,Petrol
65209,22.9,10,0,1,0,Diesel
10000,21.21,4,1,0,0,Petrol
33000,27.28,6,0,1,0,Diesel
32103,20.92,11,1,0,0,Petrol
30000,23.84,6,1,0,0,Petrol
15000,18.88,6,0,1,0,Diesel
52000,26.59,8,0,1,0,Diesel
80000,19.0,17,1,0,0,Petrol
111000,11.57,7,0,1,0,Diesel
25000,22.74,7,1,0,0,Petrol
32000,28.4,6,0,1,0,Diesel
37000,24.7,5,1,0,0,Petrol
25000,18.0,5,1,0,0,Petrol
67000,16.0,7,0,1,0,Diesel
89635,13.6,8,0,1,0,Diesel
59000,24.0,14,0,1,0,Diesel
100000,23.0,11,0,1,0,Diesel
3500,22.54,4,0,1,0,Diesel
42000,17.32,5,0,1,0,Diesel
58802,18.9,7,1,0,0,Petrol
54000,18.6,6,1,0,0,Petrol
20700,23.9,6,1,0,0,Petrol
42000,17.21,9,1,0,0,Petrol
120000,15.4,7,0,1,0,Diesel
65001,12.05,12,0,1,0,Diesel
38000,23.4,7,0,1,0,Diesel
50000,20.51,10,1,0,0,Petrol
128000,12.63,7,0,1,0,Diesel
49000,14.21,12,0,1,0,Diesel
85000,17.0,7,1,0,0,Petrol
44000,18.12,9,0,1,0,Diesel
46000,17.5,9,1,0,0,Petrol
85263,25.2,7,0,1,0,Diesel
60000,17.0,5,1,0,0,Petrol
71000,16.8,12,1,0,0,Petrol
51000,17.8,7,1,0,0,Petrol
60000,21.1,12,0,1,0,Diesel
41000,26.59,6,0,1,0,Diesel
14183,22.3,7,1,0,0,Petrol
120000,14.0,14,0,1,0,Diesel
70000,15.3,16,1,0,0,Petrol
84918,17.01,8,0,1,0,Diesel
49000,17.21,8,1,0,0,Petrol
51597,24.0,8,0,1,0,Diesel
37039,14.28,8,1,0,0,Petrol
46852,22.9,7,0,1,0,Diesel
64684,20.36,15,1,0,0,Petrol
151315,24.0,9,0,1,0,Diesel
70000,17.3,15,0,0,0,Petrol
3700,18.6,3,1,0,0,Petrol
35000,17.0,10,1,0,0,Petrol
40000,21.1,9,1,0,0,Petrol
46000,13.68,5,0,1,0,Diesel
74000,12.99,14,0,1,0,Diesel
198565,10.5,20,0,1,0,Diesel
46000,26.0,9,0,1,0,Diesel
64000,25.17,7,1,0,0,Petrol
288486,24.2,8,0,1,0,Diesel
34000,22.48,5,0,1,0,Diesel
40580,22.74,10,1,0,0,Petrol
48000,32.52,8,0,0,0,Petrol
60000,19.4,10,1,0,0,Petrol
69000,18.5,13,1,0,0,Petrol
35000,24.0,5,0,1,0,Diesel
70000,18.0,6,1,0,0,Petrol
18000,18.0,5,0,1,0,Diesel
50000,16.55,5,0,1,0,Diesel
35000,22.54,6,0,1,0,Diesel
100000,26.59,7,0,1,0,Diesel
56468,20.36,11,1,0,0,Petrol
57210,20.36,9,1,0,0,Petrol
34000,18.9,10,1,0,0,Petrol
27000,17.9,4,0,1,0,Diesel
18000,16.0,6,0,1,0,Diesel
64000,30.46,10,0,0,0,Petrol
72396,19.01,10,0,1,0,Diesel
32000,23.84,6,1,0,0,Petrol
76500,19.01,9,0,1,0,Diesel
15200,17.0,4,0,1,0,Diesel
50000,17.19,6,1,0,0,Petrol
29444,19.4,8,1,0,0,Petrol
90000,21.19,5,0,1,0,Diesel
43405,25.32,7,0,1,0,Diesel
13420,17.5,6,1,0,0,Petrol
7000,23.95,6,1,0,0,Petrol
22000,15.96,10,0,1,0,Diesel
213000,14.0,9,0,1,0,Diesel
13200,19.44,5,1,0,0,Petrol
104000,12.65,8,0,1,0,Diesel
32000,16.55,9,0,1,0,Diesel
40000,22.0,5,1,0,0,Petrol
57000,26.59,8,0,1,0,Diesel
100000,22.54,9,0,1,0,Diesel
213813,17.5,16,0,1,0,Diesel
75000,21.1,11,1,0,0,Petrol
37294,14.28,7,1,0,0,Petrol
45833,19.59,8,0,1,0,Diesel
62000,19.7,13,1,0,0,Petrol
78430,25.5,5,0,1,0,Diesel
25000,18.1,6,1,0,0,Petrol
20000,19.0,13,1,0,0,Petrol
136000,12.55,10,0,1,0,Diesel
25000,28.09,7,0,1,0,Diesel
25000,17.8,10,0,1,0,Diesel
18000,22.69,6,0,1,0,Diesel
60000,12.9,6,0,1,0,Diesel
29500,21.21,5,1,0,0,Petrol
5000,20.8,4,0,1,0,Diesel
40000,10.0,12,0,1,0,Diesel
90000,15.1,9,0,1,0,Diesel
11169,22.7,7,1,0,0,Petrol
22506,17.0,5,1,0,0,Petrol
70000,24.0,8,0,1,0,Diesel
63000,13.2,12,0,1,0,Diesel
45000,28.4,8,0,1,0,Diesel
66000,14.16,8,0,1,0,Diesel
11437,18.5,6,1,0,0,Petrol
70000,17.01,10,1,0,0,Petrol
35000,28.4,5,0,1,0,Diesel
49650,19.7,13,1,0,0,Petrol
45000,16.55,10,0,1,0,Diesel
66391,14.28,14,1,0,0,Petrol
90000,20.51,6,1,0,0,Petrol
39838,16.0,8,0,1,0,Diesel
51000,15.1,9,0,1,0,Diesel
70000,25.1,6,0,1,0,Diesel
75000,23.59,11,0,1,0,Diesel
50000,23.95,7,1,0,0,Petrol
70000,24.0,7,0,1,0,Diesel
40000,20.63,9,1,0,0,Petrol
4900,20.0,9,0,1,0,Diesel
20000,18.0,9,1,0,0,Petrol
90000,16.73,11,0,1,0,Diesel
60000,20.3,5,1,0,0,Petrol
35803,22.0,7,0,1,0,Diesel
100000,17.0,12,1,0,0,Petrol
9000,23.84,5,1,0,0,Petrol
57215,20.36,15,1,0,0,Petrol
56000,17.8,16,1,0,0,Petrol
10000,25.6,6,0,1,0,Diesel
86000,23.95,13,1,0,0,Petrol
25000,18.6,12,1,0,0,Petrol
65000,24.3,7,0,1,0,Diesel
50000,20.92,10,1,0,0,Petrol
42000,23.95,8,1,0,0,Petrol
120000,15.4,8,0,1,0,Diesel
19000,18.6,7,1,0,0,Petrol
110000,15.2,11,0,1,0,Diesel
12617,17.1,5,1,0,0,Petrol
72000,28.09,7,0,1,0,Diesel
29000,17.1,6,0,1,0,Diesel
17000,17.71,7,1,0,0,Petrol
13600,22.0,5,1,0,0,Petrol
55000,21.1,8,1,0,0,Petrol
349000,21.14,9,0,1,0,Diesel
29000,23.0,5,0,1,0,Diesel
60000,18.88,10,1,0,0,Petrol
35000,24.3,5,0,1,0,Diesel
50000,13.68,7,0,1,0,Diesel
55000,18.49,7,0,1,0,Diesel
55000,17.01,7,0,1,0,Diesel
48000,18.5,8,1,0,0,Petrol
52000,21.14,8,0,1,0,Diesel
45000,22.9,8,0,1,0,Diesel
43000,16.36,9,0,1,0,Diesel
18263,21.4,6,1,0,0,Petrol
120000,18.5,13,1,0,0,Petrol
78000,20.92,13,1,0,0,Petrol
46583,25.17,7,1,0,0,Petrol
165856,18.8,13,0,1,0,Diesel
60000,22.32,10,0,1,0,Diesel
30000,22.0,5,1,0,0,Petrol
120000,18.9,21,1,0,0,Petrol
90000,20.45,9,0,1,0,Diesel
102007,20.68,10,0,1,0,Diesel
60000,26.6,6,0,0,0,Petrol
32500,23.03,12,0,1,0,Diesel
50000,17.5,7,1,0,0,Petrol
44000,14.28,7,1,0,0,Petrol
64332,14.21,12,0,1,0,Diesel
157000,25.0,7,0,1,0,Diesel
39000,23.1,9,1,0,0,Petrol
20000,21.4,7,1,0,0,Petrol
58000,21.4,7,1,0,0,Petrol
21346,15.7,8,1,0,0,Petrol
25000,25.17,7,1,0,0,Petrol
35000,22.1,5,0,1,0,Diesel
70000,18.5,13,1,0,0,Petrol
70000,28.4,6,0,1,0,Diesel
21000,15.0,7,0,1,0,Diesel
40000,28.09,6,0,1,0,Diesel
95094,24.0,9,0,1,0,Diesel
50000,23.08,10,0,1,0,Diesel
56000,26.0,12,1,0,0,Petrol
76000,23.59,7,0,1,0,Diesel
90000,18.49,8,0,1,0,Diesel
35000,25.4,9,1,0,0,Petrol
46000,26.59,7,0,1,0,Diesel
12000,25.83,5,0,1,0,Diesel
61000,18.16,8,1,0,0,Petrol
80000,26.21,8,0,1,0,Diesel
71400,27.3,7,0,1,0,Diesel
95000,13.6,15,0,1,0,Diesel
30000,20.89,6,1,0,0,Petrol
49000,24.0,8,0,1,0,Diesel
56660,18.5,13,1,0,0,Petrol
42000,23.84,5,1,0,0,Petrol
32525,16.5,5,0,1,0,Diesel
107000,12.0,9,0,1,0,Diesel
58000,21.2,8,0,1,0,Diesel
57000,16.95,11,1,0,0,Petrol
48000,28.4,6,0,1,0,Diesel
12000,21.0,3,0,1,0,Diesel
70000,23.2,7,0,1,0,Diesel
87500,25.32,7,0,1,0,Diesel
39500,19.4,11,1,0,0,Petrol
15300,23.01,5,1,0,0,Petrol
40434,17.0,12,1,0,0,Petrol
5000,18.2,4,1,0,0,Petrol
85000,17.11,9,0,1,0,Diesel
61000,23.4,11,0,1,0,Diesel
26000,16.36,9,0,1,0,Diesel
46706,17.1,6,0,1,0,Diesel
112000,23.4,10,0,1,0,Diesel
64576,21.5,8,0,1,0,Diesel
58000,13.68,5,0,1,0,Diesel
40000,17.0,10,1,0,0,Petrol
147626,18.9,13,1,0,0,Petrol
70000,23.59,11,0,1,0,Diesel
62063,14.3,9,1,0,0,Petrol
39000,12.37,9,1,0,0,Petrol
20000,18.9,7,1,0,0,Petrol
56890,18.9,11,1,0,0,Petrol
33181,18.6,6,1,0,0,Petrol
270000,12.99,10,0,1,0,Diesel
84000,26.59,7,0,1,0,Diesel
45000,18.9,8,1,0,0,Petrol
38361,18.5,11,1,0,0,Petrol
67000,20.36,12,1,0,0,Petrol
68000,18.9,8,1,0,0,Petrol
82000,22.0,13,1,0,0,Petrol
170000,15.4,6,1,0,0,Petrol
145000,20.54,12,0,1,0,Diesel
40000,13.6,16,0,1,0,Diesel
44000,21.1,7,1,0,0,Petrol
74000,21.1,8,1,0,0,Petrol
70000,12.0,7,0,1,0,Diesel
130000,12.99,11,0,1,0,Diesel
70000,22.74,8,1,0,0,Petrol
70000,25.2,6,0,1,0,Diesel
82935,26.59,5,0,1,0,Diesel
135000,22.1,9,0,1,0,Diesel
45000,24.3,6,0,1,0,Diesel
16000,18.27,4,1,0,0,Petrol
70000,15.96,9,0,1,0,Diesel
15000,25.6,4,0,1,0,Diesel
67000,14.6,10,0,0,0,Petrol
63000,15.0,16,1,0,0,Petrol
43330,21.5,6,0,1,0,Diesel
78000,19.5,11,0,1,0,Diesel
40000,24.7,5,1,0,0,Petrol
50000,18.7,7,1,0,0,Petrol
100000,22.32,10,0,1,0,Diesel
71900,24.0,7,0,1,0,Diesel
55000,21.14,5,0,1,0,Diesel
10000,18.9,4,1,0,0,Petrol
43779,20.51,10,1,0,0,Petrol
190000,22.54,8,0,1,0,Diesel
47000,18.5,7,0,1,0,Diesel
81000,22.7,9,0,1,0,Diesel
55496,15.4,8,0,1,0,Diesel
10000,18.9,5,1,0,0,Petrol
79330,17.0,11,1,0,0,Petrol
62000,19.0,7,1,0,0,Petrol
86032,13.68,6,0,1,0,Diesel
89000,22.32,9,0,1,0,Diesel
45000,15.04,10,1,0,0,Petrol
35000,22.0,5,0,1,0,Diesel
78000,16.55,10,0,1,0,Diesel
45000,22.0,5,1,0,0,Petrol
40000,19.7,16,1,0,0,Petrol
90000,15.26,15,1,0,0,Petrol
48000,17.3,8,0,1,0,Diesel
46000,22.48,6,0,1,0,Diesel
67000,12.99,11,0,1,0,Diesel
70035,21.79,12,0,1,0,Diesel
32000,18.6,6,1,0,0,Petrol
16249,18.9,6,1,0,0,Petrol
50000,20.62,5,1,0,0,Petrol
57000,16.0,7,0,1,0,Diesel
20000,18.6,5,1,0,0,Petrol
25656,17.5,6,1,0,0,Petrol
10000,14.23,4,1,0,0,Petrol
5000,21.21,3,1,0,0,Petrol
10000,18.9,8,1,0,0,Petrol
67000,15.4,8,0,1,0,Diesel
20000,18.9,6,1,0,0,Petrol
14000,19.56,4,1,0,0,Petrol
7000,17.7,7,1,0,0,Petrol
52120,15.04,11,1,0,0,Petrol
80000,22.7,6,1,0,0,Petrol
63699,21.21,9,1,0,0,Petrol
68000,11.7,9,0,1,0,Diesel
23251,17.01,7,1,0,0,Petrol
62338,23.95,9,1,0,0,Petrol
70000,22.07,10,0,1,0,Diesel
28000,17.8,6,1,0,0,Petrol
140000,16.2,13,0,1,0,Diesel
80000,23.0,8,0,1,0,Diesel
45874,26.6,5,0,0,0,Petrol
32000,11.0,6,0,1,0,Diesel
25000,17.05,8,0,1,0,Diesel
66600,19.08,12,0,1,0,Diesel
68800,17.68,10,0,1,0,Diesel
71841,21.38,6,0,1,0,Diesel
58000,33.44,5,0,0,0,Petrol
120000,13.68,6,0,1,0,Diesel
10000,24.04,6,1,0,0,Petrol
35000,15.6,11,1,0,0,Petrol
40000,13.1,8,1,0,0,Petrol
38000,25.2,8,0,1,0,Diesel
60000,22.7,10,0,1,0,Diesel
50000,14.6,9,0,0,0,Petrol
88194,16.9,9,1,0,0,Petrol
60000,26.59,7,0,1,0,Diesel
67000,12.83,9,0,1,0,Diesel
40000,21.0,12,0,1,0,Diesel
28117,20.85,7,1,0,0,Petrol
120000,22.9,11,0,1,0,Diesel
48000,15.5,11,1,0,0,Petrol
71000,13.7,12,1,0,0,Petrol
15000,25.32,5,0,1,0,Diesel
18056,20.4,8,1,0,0,Petrol
25000,17.19,6,1,0,0,Petrol
72000,25.8,8,0,1,0,Diesel
19838,18.15,6,1,0,0,Petrol
78000,18.6,8,1,0,0,Petrol
36000,16.1,10,1,0,0,Petrol
80000,25.5,6,0,1,0,Diesel
50000,19.87,5,0,1,0,Diesel
27000,11.36,5,0,1,0,Diesel
70000,19.1,9,1,0,0,Petrol
23000,18.53,6,0,1,0,Diesel
100000,15.1,8,0,1,0,Diesel
63200,20.45,9,0,1,0,Diesel
117000,25.1,9,0,1,0,Diesel
45000,20.0,10,0,1,0,Diesel
40000,13.5,17,0,1,0,Diesel
40962,18.5,10,1,0,0,Petrol
76165,19.3,3,0,1,0,Diesel
28000,16.36,9,0,1,0,Diesel
68500,15.04,12,1,0,0,Petrol
60000,24.4,6,0,1,0,Diesel
63000,18.9,13,1,0,0,Petrol
60942,20.14,8,0,1,0,Diesel
30000,24.0,6,0,1,0,Diesel
33000,21.21,5,1,0,0,Petrol
60000,13.9,12,1,0,0,Petrol
72000,26.59,8,0,1,0,Diesel
53000,19.01,10,0,1,0,Diesel
47000,16.8,9,1,0,0,Petrol
41000,25.83,8,0,1,0,Diesel
95000,12.07,9,0,1,0,Diesel
200200,18.6,13,1,0,0,Petrol
72000,22.77,7,0,1,0,Diesel
76300,17.92,8,1,0,0,Petrol
9500,21.01,4,1,0,0,Petrol
54000,23.65,7,0,1,0,Diesel
36000,24.3,6,0,1,0,Diesel
36000,23.0,5,0,1,0,Diesel
50000,20.85,7,1,0,0,Petrol
40000,23.01,6,1,0,0,Petrol
53000,22.07,10,0,1,0,Diesel
8000,17.99,4,1,0,0,Petrol
5000,17.5,6,1,0,0,Petrol
49000,16.6,7,1,0,0,Petrol
5000,22.05,3,1,0,0,Petrol
150000,12.8,13,0,1,0,Diesel
4065,18.7,4,1,0,0,Petrol
50000,18.9,9,1,0,0,Petrol
98000,26.0,9,0,1,0,Diesel
81131,17.2,11,0,1,0,Diesel
80182,17.2,9,0,1,0,Diesel
50000,28.4,6,0,1,0,Diesel
67000,17.6,12,1,0,0,Petrol
56000,14.53,12,1,0,0,Petrol
40000,20.14,5,1,0,0,Petrol
80000,13.93,14,0,1,0,Diesel
66251,19.1,9,1,0,0,Petrol
100000,15.42,10,0,1,0,Diesel
124000,19.0,12,1,0,0,Petrol
54000,20.65,9,0,1,0,Diesel
16000,17.9,6,0,1,0,Diesel
46758,18.9,6,1,0,0,Petrol
10000,24.7,6,1,0,0,Petrol
32895,22.05,4,1,0,0,Petrol
11000,20.89,5,1,0,0,Petrol
5000,21.4,4,1,0,0,Petrol
25000,20.89,5,1,0,0,Petrol
70000,23.4,10,0,1,0,Diesel
85000,19.0,12,1,0,0,Petrol
99590,17.8,13,0,1,0,Diesel
8500,20.89,4,1,0,0,Petrol
51000,19.4,9,1,0,0,Petrol
60000,13.5,13,0,1,0,Diesel
5000,21.21,3,1,0,0,Petrol
20000,21.1,9,1,0,0,Petrol
68000,12.05,11,0,1,0,Diesel
65000,17.8,8,1,0,0,Petrol
24000,21.79,7,1,0,0,Petrol
62000,20.14,7,0,1,0,Diesel
8800,21.4,4,1,0,0,Petrol
10229,17.4,4,1,0,0,Petrol
20000,18.5,10,1,0,0,Petrol
28600,25.17,6,1,0,0,Petrol
20000,24.7,5,1,0,0,Petrol
36000,23.1,7,1,0,0,Petrol
77000,15.3,14,1,0,0,Petrol
72279,14.21,9,0,1,0,Diesel
25500,21.21,4,1,0,0,Petrol
61173,27.62,7,0,1,0,Diesel
91000,28.4,6,0,1,0,Diesel
57000,17.0,12,1,0,0,Petrol
51000,15.4,9,0,1,0,Diesel
35000,15.4,6,0,1,0,Diesel
15000,13.68,4,0,1,0,Diesel
113000,18.48,8,0,1,0,Diesel
200000,17.2,13,0,1,0,Diesel
68000,15.11,9,0,1,0,Diesel
87000,25.8,9,0,1,0,Diesel
35200,14.7,7,1,0,0,Petrol
52000,19.3,11,0,1,0,Diesel
67833,19.7,14,1,0,0,Petrol
58500,19.67,7,0,1,0,Diesel
61154,20.51,10,1,0,0,Petrol
68000,15.04,5,0,1,0,Diesel
55812,18.9,14,1,0,0,Petrol
45000,22.95,4,0,1,0,Diesel
60000,14.49,8,0,1,0,Diesel
25000,17.0,5,1,0,0,Petrol
50060,11.7,14,1,0,0,Petrol
47754,22.7,10,0,1,0,Diesel
36036,19.69,6,1,0,0,Petrol
46000,18.9,6,1,0,0,Petrol
68000,19.0,12,1,0,0,Petrol
70000,22.54,8,0,1,0,Diesel
56500,23.2,9,0,1,0,Diesel
7557,16.11,4,1,0,0,Petrol
48000,14.28,7,1,0,0,Petrol
62900,20.92,12,1,0,0,Petrol
60682,19.3,12,0,1,0,Diesel
27000,8.6,17,1,0,0,Petrol
30000,15.37,9,1,0,0,Petrol
120000,26.59,8,0,1,0,Diesel
87000,21.5,5,0,1,0,Diesel
46000,11.36,6,0,1,0,Diesel
41265,18.12,9,0,1,0,Diesel
95000,18.3,13,0,1,0,Diesel
37000,15.37,8,1,0,0,Petrol
35380,27.3,8,0,1,0,Diesel
36000,18.06,5,0,1,0,Diesel
95000,9.5,11,0,1,0,Diesel
72300,21.79,11,1,0,0,Petrol
21000,18.9,7,1,0,0,Petrol
56000,12.99,9,0,1,0,Diesel
50000,16.47,13,1,0,0,Petrol
34834,20.73,6,1,0,0,Petrol
60598,23.59,6,0,1,0,Diesel
15000,20.5,6,0,1,0,Diesel
74000,17.1,11,1,0,0,Petrol
100000,12.1,9,1,0,0,Petrol
35400,14.84,10,0,1,0,Diesel
96000,26.59,8,0,1,0,Diesel
59000,23.5,10,0,1,0,Diesel
21000,23.7,4,0,1,0,Diesel
120000,26.0,6,0,1,0,Diesel
59500,17.0,15,1,0,0,Petrol
70000,20.92,13,1,0,0,Petrol
43458,12.99,6,0,1,0,Diesel
58000,22.54,8,0,1,0,Diesel
66622,24.3,4,0,1,0,Diesel
80000,12.05,11,0,1,0,Diesel
65000,18.49,7,0,1,0,Diesel
100000,23.57,13,0,1,0,Diesel
80000,17.21,7,1,0,0,Petrol
30000,15.73,7,0,1,0,Diesel
38000,23.59,11,0,1,0,Diesel
60000,18.9,13,1,0,0,Petrol
15000,18.9,4,1,0,0,Petrol
30000,23.95,4,1,0,0,Petrol
60000,19.69,8,1,0,0,Petrol
34633,18.2,6,1,0,0,Petrol
70000,13.8,14,1,0,0,Petrol
65000,18.15,5,1,0,0,Petrol
10000,22.54,4,0,1,0,Diesel
49163,22.74,8,1,0,0,Petrol
120000,17.8,8,0,1,0,Diesel
50000,20.77,8,0,1,0,Diesel
70000,17.3,4,0,1,0,Diesel
127000,16.1,17,1,0,0,Petrol
100000,18.9,15,1,0,0,Petrol
110000,22.07,10,0,1,0,Diesel
45000,19.34,6,1,0,0,Petrol
74000,11.5,13,0,1,0,Diesel
56000,17.5,14,1,0,0,Petrol
70000,17.3,11,0,1,0,Diesel
30000,25.44,8,0,1,0,Diesel
73100,25.8,10,0,1,0,Diesel
26000,18.7,6,1,0,0,Petrol
23000,15.4,6,1,0,0,Petrol
8700,19.5,4,1,0,0,Petrol
30000,18.2,9,1,0,0,Petrol
122000,26.0,7,0,1,0,Diesel
49500,17.9,7,0,1,0,Diesel
20180,24.3,5,0,1,0,Diesel
120000,13.93,13,0,1,0,Diesel
72658,15.96,8,0,1,0,Diesel
60000,25.8,5,0,1,0,Diesel
40000,20.3,5,1,0,0,Petrol
56000,21.19,8,0,1,0,Diesel
46000,20.0,10,0,1,0,Diesel
40000,18.4,5,1,0,0,Petrol
37712,18.9,6,1,0,0,Petrol
58000,20.85,6,1,0,0,Petrol
4713,17.0,3,1,0,0,Petrol
49217,22.7,10,0,1,0,Diesel
70000,16.1,25,1,0,0,Petrol
62000,22.7,9,0,1,0,Diesel
62000,33.54,11,0,0,0,Petrol
100000,18.6,6,1,0,0,Petrol
2200,23.1,7,1,0,0,Petrol
58500,16.0,6,0,1,0,Diesel
64000,17.68,11,0,1,0,Diesel
64531,23.95,9,1,0,0,Petrol
83000,19.01,8,0,1,0,Diesel
47129,26.0,7,0,1,0,Diesel
9999,27.3,7,0,1,0,Diesel
49000,18.6,7,1,0,0,Petrol
28789,17.01,8,1,0,0,Petrol
70000,20.36,9,1,0,0,Petrol
27000,15.85,7,1,0,0,Petrol
120000,13.6,16,0,1,0,Diesel
15000,22.95,5,0,1,0,Diesel
59000,17.2,8,0,1,0,Diesel
120000,11.5,12,0,1,0,Diesel
45000,18.9,8,1,0,0,Petrol
77400,20.54,11,0,1,0,Diesel
20000,24.04,6,1,0,0,Petrol
71205,21.4,7,1,0,0,Petrol
23000,22.3,7,1,0,0,Petrol
50000,120.0,10,0,0,1,Electric
35000,19.5,4,1,0,0,Petrol
33000,19.56,6,1,0,0,Petrol
54591,25.8,8,0,1,0,Diesel
70001,12.99,7,0,1,0,Diesel
70000,15.0,12,0,1,0,Diesel
37865,16.95,9,1,0,0,Petrol
47000,16.36,5,0,1,0,Diesel
29000,21.1,11,1,0,0,Petrol
85081,13.01,9,0,1,0,Diesel
54000,10.0,9,0,1,0,Diesel
70000,11.9,8,1,0,0,Petrol
60000,14.24,6,0,1,0,Diesel
96000,25.2,9,0,1,0,Diesel
35000,12.0,6,1,0,0,Petrol
64172,16.5,7,0,1,0,Diesel
56500,16.0,7,0,1,0,Diesel
57102,23.4,7,0,1,0,Diesel
36000,18.9,5,1,0,0,Petrol
20000,22.5,4,1,0,0,Petrol
27826,19.0,6,1,0,0,Petrol
40000,20.5,10,0,1,0,Diesel
25100,16.8,5,0,1,0,Diesel
24000,22.77,6,0,1,0,Diesel
88000,18.88,9,0,1,0,Diesel
161000,21.03,9,0,1,0,Diesel
100000,13.5,8,0,1,0,Diesel
120000,21.9,6,0,1,0,Diesel
30000,18.16,7,1,0,0,Petrol
15000,28.4,5,0,1,0,Diesel
45000,17.01,7,0,1,0,Diesel
9000,9.5,11,1,0,0,Petrol
30000,18.2,10,1,0,0,Petrol
20000,21.12,11,0,1,0,Diesel
90000,15.1,10,0,1,0,Diesel
165000,24.0,9,0,1,0,Diesel
20000,18.9,5,1,0,0,Petrol
79345,22.32,10,0,1,0,Diesel
45215,21.4,7,1,0,0,Petrol
62000,19.67,7,0,1,0,Diesel
60000,14.28,9,0,1,0,Diesel
34000,18.6,5,1,0,0,Petrol
150000,14.0,12,0,1,0,Diesel
70000,23.59,12,0,1,0,Diesel
64659,17.3,17,1,0,0,Petrol
44000,24.3,5,0,1,0,Diesel
39000,12.9,5,0,1,0,Diesel
40040,25.44,9,0,1,0,Diesel
15000,20.3,5,1,0,0,Petrol
200000,10.5,17,0,1,0,Diesel
14023,21.1,5,1,0,0,Petrol
9800,22.74,5,1,0,0,Petrol
37000,15.63,8,1,0,0,Petrol
59740,20.36,14,1,0,0,Petrol
44000,22.69,5,0,1,0,Diesel
45000,16.8,14,1,0,0,Petrol
70000,27.28,5,0,1,0,Diesel
25000,13.5,8,0,1,0,Diesel
44000,19.1,8,1,0,0,Petrol
60000,13.73,11,0,1,0,Diesel
45000,13.0,6,1,0,0,Petrol
70000,17.3,4,0,1,0,Diesel
45000,19.4,10,1,0,0,Petrol
17000,15.9,4,1,0,0,Petrol
50000,18.88,9,0,1,0,Diesel
15000,19.0,4,1,0,0,Petrol
30000,22.0,6,1,0,0,Petrol
42000,17.7,16,1,0,0,Petrol
40000,24.3,5,0,1,0,Diesel
50000,23.95,7,1,0,0,Petrol
80000,17.0,13,1,0,0,Petrol
34000,18.2,6,1,0,0,Petrol
9500,18.27,4,1,0,0,Petrol
78389,24.0,8,0,1,0,Diesel
50000,16.9,15,1,0,0,Petrol
52000,17.01,7,0,1,0,Diesel
46000,21.76,7,0,1,0,Diesel
62000,21.64,11,0,1,0,Diesel
47000,28.4,5,0,1,0,Diesel
38461,26.8,6,0,0,0,Petrol
60000,23.4,9,0,1,0,Diesel
60859,17.0,15,1,0,0,Petrol
40000,15.3,17,1,0,0,Petrol
26830,23.0,5,0,1,0,Diesel
120000,23.0,7,0,1,0,Diesel
53000,16.1,13,1,0,0,Petrol
4600,22.05,5,1,0,0,Petrol
50000,18.2,10,0,1,0,Diesel
82000,20.36,15,1,0,0,Petrol
55000,20.36,12,1,0,0,Petrol
70000,20.92,12,1,0,0,Petrol
33000,21.76,7,0,1,0,Diesel
132734,12.8,12,0,1,0,Diesel
22886,14.62,5,0,1,0,Diesel
100000,12.2,24,0,1,0,Diesel
8000,13.0,7,1,0,0,Petrol
43000,22.54,11,0,1,0,Diesel
25000,17.43,8,1,0,0,Petrol
56000,16.47,9,1,0,0,Petrol
14000,20.73,5,1,0,0,Petrol
40000,17.5,14,1,0,0,Petrol
21100,18.1,4,1,0,0,Petrol
90000,17.0,13,0,1,0,Diesel
53800,26.83,11,0,0,0,Petrol
78000,25.8,10,0,1,0,Diesel
70000,23.9,8,0,1,0,Diesel
10000,20.37,4,0,1,0,Diesel
270000,11.57,14,0,1,0,Diesel
34000,16.38,7,0,1,0,Diesel
10000,23.1,6,1,0,0,Petrol
42135,21.0,8,0,1,0,Diesel
49000,13.0,6,1,0,0,Petrol
85281,18.9,14,1,0,0,Petrol
39000,18.0,9,1,0,0,Petrol
35000,18.9,5,1,0,0,Petrol
5000,23.95,4,1,0,0,Petrol
215000,21.0,11,0,1,0,Diesel
43000,20.89,5,1,0,0,Petrol
63000,15.1,8,0,1,0,Diesel
64000,25.8,10,0,1,0,Diesel
40000,22.5,5,1,0,0,Petrol
95000,16.96,11,0,1,0,Diesel
100000,9.0,18,1,0,0,Petrol
23000,17.4,4,1,0,0,Petrol
70000,18.9,9,1,0,0,Petrol
32000,10.0,10,0,1,0,Diesel
44507,20.65,6,1,0,0,Petrol
63000,32.52,10,0,0,0,Petrol
100000,22.32,10,0,1,0,Diesel
120000,15.1,9,0,1,0,Diesel
62000,18.6,11,1,0,0,Petrol
40000,23.26,9,1,0,0,Petrol
65000,18.9,7,1,0,0,Petrol
53200,24.3,7,0,1,0,Diesel
80000,14.84,9,0,1,0,Diesel
31847,18.5,9,1,0,0,Petrol
11000,18.06,5,0,1,0,Diesel
50000,17.0,7,1,0,0,Petrol
45000,17.0,4,1,0,0,Petrol
29000,18.9,9,1,0,0,Petrol
80000,12.2,11,0,1,0,Diesel
78000,19.1,10,1,0,0,Petrol
70765,16.0,8,0,1,0,Diesel
72600,17.01,8,1,0,0,Petrol
20000,19.56,6,1,0,0,Petrol
42000,17.1,7,1,0,0,Petrol
52000,33.54,5,0,0,0,Petrol
70000,22.9,10,0,1,0,Diesel
30000,22.0,6,1,0,0,Petrol
90000,18.88,10,0,1,0,Diesel
73000,25.44,9,0,1,0,Diesel
50000,20.45,8,0,1,0,Diesel
70000,28.4,5,0,1,0,Diesel
60000,19.3,8,0,1,0,Diesel
43001,19.01,9,0,1,0,Diesel
70000,19.67,7,0,1,0,Diesel
35000,18.15,6,1,0,0,Petrol
20000,16.1,21,1,0,0,Petrol
100000,25.2,6,0,1,0,Diesel
31031,25.5,6,0,1,0,Diesel
59434,21.01,7,1,0,0,Petrol
57390,20.36,11,1,0,0,Petrol
126000,18.6,11,1,0,0,Petrol
40000,15.5,7,1,0,0,Petrol
52709,17.0,7,1,0,0,Petrol
8500,24.04,4,1,0,0,Petrol
19000,18.78,5,1,0,0,Petrol
77000,21.1,10,0,1,0,Diesel
62600,21.72,5,0,1,0,Diesel
20000,22.5,6,1,0,0,Petrol
95000,15.64,12,1,0,0,Petrol
120000,15.4,9,0,1,0,Diesel
70000,15.3,13,1,0,0,Petrol
54000,18.0,7,1,0,0,Petrol
91000,21.43,11,0,1,0,Diesel
55000,22.07,11,0,1,0,Diesel
69000,17.0,11,1,0,0,Petrol
59000,17.4,8,1,0,0,Petrol
48828,22.74,9,1,0,0,Petrol
120000,12.83,9,0,1,0,Diesel
15000,23.1,8,1,0,0,Petrol
98521,27.39,6,0,1,0,Diesel
23000,25.32,5,0,1,0,Diesel
70000,17.5,12,1,0,0,Petrol
60000,20.36,10,1,0,0,Petrol
80000,22.74,10,1,0,0,Petrol
94991,18.6,12,1,0,0,Petrol
44000,18.42,6,0,1,0,Diesel
65000,13.68,5,0,1,0,Diesel
64000,20.36,11,1,0,0,Petrol
51000,17.68,10,0,1,0,Diesel
36840,23.84,5,1,0,0,Petrol
36000,25.83,6,0,1,0,Diesel
49728,20.34,8,0,1,0,Diesel
35286,23.95,7,1,0,0,Petrol
17000,20.92,11,1,0,0,Petrol
52000,23.1,8,1,0,0,Petrol
19608,17.0,4,1,0,0,Petrol
43000,14.7,6,1,0,0,Petrol
50000,17.14,6,1,0,0,Petrol
43181,25.6,5,0,1,0,Diesel
55000,12.07,10,0,1,0,Diesel
20000,18.0,12,1,0,0,Petrol
22000,17.21,5,1,0,0,Petrol
28000,24.2,4,0,1,0,Diesel
41000,25.17,7,1,0,0,Petrol
66000,23.2,9,0,1,0,Diesel
50000,25.2,7,0,1,0,Diesel
41604,18.0,8,1,0,0,Petrol
40000,21.1,13,0,1,0,Diesel
25000,20.28,6,1,0,0,Petrol
71000,20.73,7,1,0,0,Petrol
37000,18.16,7,1,0,0,Petrol
30000,19.4,10,1,0,0,Petrol
60000,19.7,13,1,0,0,Petrol
35000,22.5,6,1,0,0,Petrol
32200,17.1,6,1,0,0,Petrol
28500,22.32,6,0,1,0,Diesel
27000,17.9,4,0,1,0,Diesel
66000,25.83,8,0,1,0,Diesel
43000,10.91,6,0,1,0,Diesel
30000,21.4,7,1,0,0,Petrol
25000,22.0,5,1,0,0,Petrol
21000,20.85,6,1,0,0,Petrol
53994,25.4,9,1,0,0,Petrol
5333,13.53,5,1,0,0,Petrol
50000,22.74,8,1,0,0,Petrol
48000,20.5,6,0,1,0,Diesel
29000,19.5,7,0,1,0,Diesel
60251,12.99,12,0,1,0,Diesel
45000,18.0,10,1,0,0,Petrol
62000,17.92,15,1,0,0,Petrol
100000,18.9,9,1,0,0,Petrol
14902,23.84,5,1,0,0,Petrol
72077,24.4,7,0,1,0,Diesel
94000,20.77,10,0,1,0,Diesel
20000,15.04,6,0,1,0,Diesel
40000,21.4,4,1,0,0,Petrol
100000,25.0,6,0,1,0,Diesel
70000,22.77,8,0,1,0,Diesel
59000,13.7,13,1,0,0,Petrol
50000,21.1,10,1,0,0,Petrol
37000,16.5,9,1,0,0,Petrol
80000,23.2,11,0,1,0,Diesel
16300,19.7,12,1,0,0,Petrol
111000,21.1,10,1,0,0,Petrol
75000,18.2,10,1,0,0,Petrol
36628,23.01,6,1,0,0,Petrol
90000,15.1,8,0,1,0,Diesel
39200,19.3,9,0,1,0,Diesel
23200,21.4,6,1,0,0,Petrol
40000,20.85,8,1,0,0,Petrol
110000,19.7,17,1,0,0,Petrol
47022,16.95,9,1,0,0,Petrol
79000,12.05,10,0,1,0,Diesel
2600,17.4,4,1,0,0,Petrol
118000,12.8,16,0,1,0,Diesel
75000,21.66,7,0,1,0,Diesel
59000,27.28,6,0,1,0,Diesel
35000,26.59,7,0,1,0,Diesel
6000,17.5,6,1,0,0,Petrol
44000,25.8,8,0,1,0,Diesel
47233,23.95,7,1,0,0,Petrol
66000,25.0,14,0,1,0,Diesel
11000,14.0,15,1,0,0,Petrol
15000,16.0,7,0,1,0,Diesel
94400,28.09,7,0,1,0,Diesel
100000,17.7,15,1,0,0,Petrol
113450,23.4,10,0,1,0,Diesel
25000,18.6,4,1,0,0,Petrol
50000,15.37,8,1,0,0,Petrol
8700,18.9,7,1,0,0,Petrol
37000,20.51,9,1,0,0,Petrol
30000,20.3,5,1,0,0,Petrol
112000,15.4,7,0,1,0,Diesel
68000,18.48,12,0,1,0,Diesel
66000,12.8,12,0,1,0,Diesel
15000,26.59,8,0,1,0,Diesel
38819,21.4,8,1,0,0,Petrol
33000,16.2,8,1,0,0,Petrol
60000,17.19,6,1,0,0,Petrol
15000,24.3,5,0,1,0,Diesel
52000,15.64,10,1,0,0,Petrol
56239,17.8,6,1,0,0,Petrol
40000,17.57,7,1,0,0,Petrol
90000,18.0,8,1,0,0,Petrol
40000,16.6,12,1,0,0,Petrol
36000,18.5,10,1,0,0,Petrol
62000,13.01,11,0,1,0,Diesel
50000,23.84,6,1,0,0,Petrol
52000,20.92,10,1,0,0,Petrol
58000,24.0,7,0,1,0,Diesel
15000,20.14,5,1,0,0,Petrol
80000,18.5,10,1,0,0,Petrol
24024,17.8,6,1,0,0,Petrol
40000,19.0,10,1,0,0,Petrol
40000,20.51,7,1,0,0,Petrol
22000,17.5,5,1,0,0,Petrol
80000,12.4,7,0,1,0,Diesel
48000,13.8,17,1,0,0,Petrol
23000,18.6,5,1,0,0,Petrol
85000,19.67,7,0,1,0,Diesel
40000,21.0,3,0,1,0,Diesel
57000,11.7,15,1,0,0,Petrol
40000,23.1,6,1,0,0,Petrol
15000,21.63,6,1,0,0,Petrol
1500,15.37,4,1,0,0,Petrol
7000,21.01,3,1,0,0,Petrol
70000,20.3,5,1,0,0,Petrol
69000,12.8,8,0,1,0,Diesel
69000,18.9,8,1,0,0,Petrol
79090,11.3,7,0,1,0,Diesel
75000,11.3,13,1,0,0,Petrol
50000,14.07,6,0,1,0,Diesel
66000,25.1,6,0,1,0,Diesel
78286,22.8,8,0,0,0,Petrol
77428,25.44,10,0,1,0,Diesel
9000,24.04,5,1,0,0,Petrol
48475,20.77,11,0,1,0,Diesel
77658,33.44,7,0,0,0,Petrol
64000,19.87,7,0,1,0,Diesel
30000,22.5,5,1,0,0,Petrol
52606,18.9,8,1,0,0,Petrol
90000,16.36,8,0,1,0,Diesel
14709,24.7,5,1,0,0,Petrol
52000,14.28,9,1,0,0,Petrol
35000,16.36,5,0,1,0,Diesel
90000,21.1,9,1,0,0,Petrol
63000,20.45,8,0,1,0,Diesel
80000,27.39,5,0,1,0,Diesel
32714,18.7,6,1,0,0,Petrol
56467,15.96,9,0,1,0,Diesel
55000,22.27,9,0,1,0,Diesel
11000,18.6,7,1,0,0,Petrol
68000,21.9,11,0,1,0,Diesel
68000,14.39,10,0,1,0,Diesel
60000,22.54,6,0,1,0,Diesel
75000,20.4,6,1,0,0,Petrol
56084,17.21,8,1,0,0,Petrol
15000,23.01,6,1,0,0,Petrol
65000,13.68,6,0,1,0,Diesel
40000,21.1,8,1,0,0,Petrol
10000,23.95,5,1,0,0,Petrol
46000,28.4,5,0,1,0,Diesel
71000,14.0,10,0,1,0,Diesel
60000,15.4,5,0,1,0,Diesel
22597,16.3,6,1,0,0,Petrol
35000,20.36,10,1,0,0,Petrol
40000,18.6,5,1,0,0,Petrol
59000,15.1,8,1,0,0,Petrol
88001,12.8,12,0,1,0,Diesel
95000,12.8,12,0,1,0,Diesel
24000,24.3,6,0,1,0,Diesel
4500,18.4,3,1,0,0,Petrol
58000,20.62,7,1,0,0,Petrol
52000,23.95,9,1,0,0,Petrol
50000,15.0,13,1,0,0,Petrol
58000,21.43,10,0,1,0,Diesel
105000,16.1,24,1,0,0,Petrol
95000,26.6,11,0,0,0,Petrol
54540,28.4,10,0,1,0,Diesel
110000,14.2,14,0,1,0,Diesel
25000,20.51,5,1,0,0,Petrol
16348,21.4,5,1,0,0,Petrol
80000,18.9,4,1,0,0,Petrol
425000,13.58,10,0,1,0,Diesel
40000,23.8,10,0,1,0,Diesel
60855,19.1,10,1,0,0,Petrol
88099,17.4,7,1,0,0,Petrol
70000,21.58,9,0,1,0,Diesel
25000,22.0,5,1,0,0,Petrol
80000,15.1,11,0,1,0,Diesel
20000,19.5,4,0,1,0,Diesel
77185,20.73,7,1,0,0,Petrol
22000,14.3,8,1,0,0,Petrol
34890,13.14,6,1,0,0,Petrol
33000,18.6,5,1,0,0,Petrol
85000,21.79,9,1,0,0,Petrol
150000,21.02,10,0,1,0,Diesel
45000,15.97,5,0,1,0,Diesel
25000,19.1,4,1,0,0,Petrol
57000,23.1,8,1,0,0,Petrol
27000,22.9,10,0,1,0,Diesel
48000,23.1,5,1,0,0,Petrol
94000,13.68,6,0,1,0,Diesel
79000,23.59,10,0,1,0,Diesel
15000,23.84,6,1,0,0,Petrol
50000,16.0,16,1,0,0,Petrol
50000,15.7,13,1,0,0,Petrol
43000,21.01,7,1,0,0,Petrol
40000,24.04,6,1,0,0,Petrol
18111,9.0,6,1,0,0,Petrol
